rank	reasons	variable_full_steps
666	included:dicache_top1	3,4,5,26,43
2745	prompt_5_top16	3,4,8,13,25
2747	prompt_5_top16	3,4,8,13,27
2748	prompt_5_top16	3,4,8,13,28
3484	prompt_5_top16	3,4,9,13,23
3485	prompt_5_top16	3,4,9,13,24
3486	prompt_5_top16	3,4,9,13,25
3487	prompt_5_top16	3,4,9,13,26
3488	prompt_5_top16	3,4,9,13,27
3489	prompt_5_top16	3,4,9,13,28
3490	prompt_5_top16	3,4,9,13,29
3491	prompt_5_top16	3,4,9,13,30
3684	included:meancache	3,4,9,19,34
6039	uniform_random_128_seed20270826	3,4,12,37,39
8436	uniform_random_128_seed20270826	3,4,17,23,36
9275	included:ham2f	3,4,19,23,34
9328	included:ham4f	3,4,19,25,40
14301	uniform_random_128_seed20270826	3,5,7,13,20
23712	uniform_random_128_seed20270826	3,5,25,34,38
34323	uniform_random_128_seed20270826	3,6,22,31,43
37457	uniform_random_128_seed20270826	3,7,8,20,39
38878	uniform_random_128_seed20270826	3,7,10,19,44
42454	uniform_random_128_seed20270826	3,7,16,23,38
43556	uniform_random_128_seed20270826	3,7,18,33,45
43944	uniform_random_128_seed20270826	3,7,19,32,42
52010	included:rand_2	3,8,15,31,46
61573	uniform_random_128_seed20270826	3,9,16,27,48
63861	uniform_random_128_seed20270826	3,9,22,24,42
66182	uniform_random_128_seed20270826	3,9,32,46,48
73732	uniform_random_128_seed20270826	3,10,27,33,36
84757	uniform_random_128_seed20270826	3,12,16,21,27
89113	uniform_random_128_seed20270826	3,12,29,44,47
100792	included:uniform	3,14,25,37,48
103912	uniform_random_128_seed20270826	3,15,18,34,37
116006	uniform_random_128_seed20270826	3,17,27,28,45
125855	uniform_random_128_seed20270826	3,20,22,37,39
127535	uniform_random_128_seed20270826	3,20,29,42,48
132162	uniform_random_128_seed20270826	3,22,25,33,42
144485	uniform_random_128_seed20270826	3,29,32,36,41
149128	prompt_9_top16	4,5,6,10,24
162323	subset_5_15_top16;subset_5_9_15_top16	4,6,8,13,31
162324	subset_5_15_top16	4,6,8,13,32
162357	subset_5_9_15_top16	4,6,8,14,31
162358	subset_5_15_top16;subset_5_9_15_top16	4,6,8,14,32
162359	subset_5_15_top16;subset_5_9_15_top16	4,6,8,14,33
162360	subset_5_15_top16	4,6,8,14,34
162361	subset_5_15_top16	4,6,8,14,35
163065	subset_5_15_top16	4,6,9,13,32
163098	subset_5_15_top16;subset_5_9_15_top16	4,6,9,14,31
163099	subset_5_15_top16;subset_5_9_15_top16	4,6,9,14,32
163100	subset_5_15_top16;subset_5_9_15_top16	4,6,9,14,33
163101	subset_5_15_top16	4,6,9,14,34
163102	subset_5_15_top16	4,6,9,14,35
163131	subset_5_9_15_top16	4,6,9,15,31
163132	subset_5_15_top16;subset_5_9_15_top16	4,6,9,15,32
163133	subset_5_15_top16;subset_5_9_15_top16	4,6,9,15,33
163134	subset_5_15_top16;subset_5_9_15_top16	4,6,9,15,34
163135	subset_5_15_top16	4,6,9,15,35
163164	subset_5_9_15_top16	4,6,9,16,32
163165	subset_5_9_15_top16	4,6,9,16,33
163166	subset_5_9_15_top16	4,6,9,16,34
163990	subset_5_9_15_top16	4,6,10,20,37
164017	mean_top64	4,6,10,21,37
164018	mean_top64	4,6,10,21,38
164019	mean_top64	4,6,10,21,39
164020	mean_top64	4,6,10,21,40
164043	prompt_9_top16	4,6,10,22,37
164044	prompt_9_top16	4,6,10,22,38
164045	mean_top64	4,6,10,22,39
164046	mean_top64	4,6,10,22,40
164070	mean_top64	4,6,10,23,39
164071	mean_top64	4,6,10,23,40
164095	mean_top64	4,6,10,24,40
164096	mean_top64	4,6,10,24,41
164597	min_top64	4,6,11,18,35
164598	min_top64	4,6,11,18,36
164599	min_top64	4,6,11,18,37
164600	min_top64	4,6,11,18,38
164627	min_top64	4,6,11,19,36
164628	min_top64	4,6,11,19,37
164629	min_top64	4,6,11,19,38
164630	min_top64	4,6,11,19,39
164655	min_top64;subset_9_15_top16	4,6,11,20,36
164656	mean_top64;min_top64;subset_9_15_top16	4,6,11,20,37
164657	min_top64;subset_9_15_top16	4,6,11,20,38
164658	min_top64	4,6,11,20,39
164682	mean_top64;prompt_9_top16	4,6,11,21,36
164683	mean_top64;prompt_9_top16;subset_9_15_top16	4,6,11,21,37
164684	mean_top64;min_top64;prompt_9_top16;subset_8_9_15_top16;subset_9_15_top16	4,6,11,21,38
164685	mean_top64;min_top64;subset_9_15_top16	4,6,11,21,39
164686	mean_top64	4,6,11,21,40
164708	prompt_9_top16	4,6,11,22,36
164709	mean_top64;prompt_9_top16	4,6,11,22,37
164710	mean_top64;prompt_9_top16;subset_8_9_top16;subset_9_15_top16	4,6,11,22,38
164711	mean_top64;prompt_9_top16;subset_8_9_15_top16;subset_8_9_top16	4,6,11,22,39
164712	mean_top64;subset_8_9_15_top16;subset_8_9_top16	4,6,11,22,40
164733	prompt_9_top16	4,6,11,23,36
164734	mean_top64;prompt_9_top16	4,6,11,23,37
164735	mean_top64;prompt_9_top16;subset_8_9_top16	4,6,11,23,38
164736	mean_top64;prompt_9_top16;subset_5_8_15_top16;subset_5_9_15_top16;subset_8_9_15_top16;subset_8_9_top16	4,6,11,23,39
164737	mean_top64;subset_5_8_15_top16;subset_8_15_top16;subset_8_9_15_top16;subset_8_9_top16	4,6,11,23,40
164738	mean_top64;subset_5_8_15_top16;subset_8_9_15_top16;subset_8_9_top16	4,6,11,23,41
164759	mean_top64;prompt_9_top16	4,6,11,24,38
164760	mean_top64;prompt_9_top16;subset_5_8_15_top16;subset_8_9_top16	4,6,11,24,39
164761	mean_top64;subset_5_8_15_top16;subset_8_9_15_top16;subset_8_9_top16	4,6,11,24,40
164762	mean_top64;prompt_8_top16;subset_5_8_15_top16;subset_8_15_top16;subset_8_9_15_top16;subset_8_9_top16	4,6,11,24,41
164763	mean_top64	4,6,11,24,42
164783	mean_top64	4,6,11,25,39
164784	mean_top64	4,6,11,25,40
164785	mean_top64;subset_5_8_15_top16;subset_8_9_top16	4,6,11,25,41
164807	mean_top64;subset_8_9_top16	4,6,11,26,41
165285	min_top64	4,6,12,20,36
165286	min_top64	4,6,12,20,37
165287	min_top64	4,6,12,20,38
165311	min_top64	4,6,12,21,35
165312	min_top64	4,6,12,21,36
165313	min_top64	4,6,12,21,37
165314	min_top64;prompt_15_top16	4,6,12,21,38
165315	min_top64;prompt_15_top16	4,6,12,21,39
165316	prompt_15_top16;subset_8_15_top16	4,6,12,21,40
165340	min_top64	4,6,12,22,38
165341	min_top64	4,6,12,22,39
165342	mean_top64;min_top64	4,6,12,22,40
165366	mean_top64	4,6,12,23,39
165367	mean_top64;min_top64;subset_5_8_15_top16;subset_8_15_top16	4,6,12,23,40
165368	mean_top64;min_top64;subset_5_8_15_top16;subset_8_15_top16	4,6,12,23,41
165390	mean_top64	4,6,12,24,39
165391	mean_top64;subset_5_8_15_top16	4,6,12,24,40
165392	mean_top64;min_top64;subset_5_8_15_top16;subset_8_15_top16	4,6,12,24,41
165414	mean_top64	4,6,12,25,40
165415	mean_top64;subset_5_8_15_top16	4,6,12,25,41
165437	mean_top64	4,6,12,26,41
165906	min_top64	4,6,13,21,35
165907	min_top64	4,6,13,21,36
165908	min_top64	4,6,13,21,37
165909	min_top64;prompt_15_top16	4,6,13,21,38
165910	min_top64;prompt_15_top16	4,6,13,21,39
165911	prompt_15_top16	4,6,13,21,40
165931	min_top64	4,6,13,22,34
165932	min_top64	4,6,13,22,35
165933	min_top64	4,6,13,22,36
165934	min_top64	4,6,13,22,37
165935	min_top64;prompt_15_top16	4,6,13,22,38
165936	min_top64;prompt_15_top16	4,6,13,22,39
165937	min_top64;prompt_15_top16;subset_8_15_top16	4,6,13,22,40
165938	min_top64	4,6,13,22,41
165956	min_top64	4,6,13,23,34
165957	min_top64	4,6,13,23,35
165958	min_top64	4,6,13,23,36
165959	min_top64;prompt_15_top16;subset_9_15_top16	4,6,13,23,37
165960	min_top64;prompt_15_top16;subset_9_15_top16	4,6,13,23,38
165961	mean_top64;min_top64;prompt_15_top16;subset_8_15_top16;subset_8_9_15_top16;subset_9_15_top16	4,6,13,23,39
165962	mean_top64;min_top64;prompt_15_top16;subset_8_15_top16;subset_8_9_15_top16;subset_9_15_top16	4,6,13,23,40
165963	mean_top64;min_top64;prompt_15_top16;subset_8_15_top16;subset_8_9_15_top16;subset_9_15_top16	4,6,13,23,41
165964	min_top64;prompt_15_top16	4,6,13,23,42
165984	min_top64	4,6,13,24,38
165985	mean_top64;min_top64;subset_9_15_top16	4,6,13,24,39
165986	mean_top64;min_top64;subset_8_15_top16;subset_8_9_15_top16;subset_9_15_top16	4,6,13,24,40
165987	mean_top64;min_top64;prompt_15_top16;subset_5_8_15_top16;subset_8_15_top16;subset_8_9_15_top16;subset_9_15_top16	4,6,13,24,41
165988	min_top64	4,6,13,24,42
165989	min_top64	4,6,13,24,43
166008	mean_top64	4,6,13,25,39
166009	mean_top64;min_top64;subset_8_9_15_top16	4,6,13,25,40
166010	mean_top64;min_top64;subset_5_8_15_top16;subset_8_15_top16;subset_8_9_15_top16;subset_9_15_top16	4,6,13,25,41
166011	min_top64	4,6,13,25,42
166031	mean_top64	4,6,13,26,40
166032	mean_top64;subset_5_8_15_top16;subset_8_9_top16	4,6,13,26,41
166033	mean_top64;subset_5_8_15_top16	4,6,13,26,42
166053	mean_top64	4,6,13,27,41
166054	mean_top64	4,6,13,27,42
166522	min_top64	4,6,14,23,39
166523	min_top64	4,6,14,23,40
166524	min_top64	4,6,14,23,41
166547	min_top64;subset_8_15_top16	4,6,14,24,40
166548	min_top64;subset_8_15_top16	4,6,14,24,41
166570	mean_top64	4,6,14,25,40
166571	mean_top64;subset_8_15_top16;subset_8_9_15_top16	4,6,14,25,41
166593	mean_top64;subset_8_9_top16	4,6,14,26,41
166594	mean_top64	4,6,14,26,42
166614	mean_top64;prompt_8_top16;subset_8_9_top16	4,6,14,27,41
166615	mean_top64;prompt_8_top16;subset_8_9_top16	4,6,14,27,42
166634	prompt_8_top16	4,6,14,28,41
166635	prompt_8_top16	4,6,14,28,42
167162	prompt_8_top16	4,6,15,28,41
167163	prompt_8_top16	4,6,15,28,42
167182	prompt_8_top16	4,6,15,29,42
167201	prompt_8_top16	4,6,15,30,43
176051	subset_5_8_9_top16	4,7,12,24,40
176052	subset_5_8_9_top16	4,7,12,24,41
176543	included:budcache	4,7,13,20,39
177275	prompt_8_top16	4,7,14,27,42
177295	prompt_8_top16	4,7,14,28,42
177822	prompt_8_top16	4,7,15,28,41
177823	prompt_8_top16	4,7,15,28,42
178318	prompt_8_top16	4,7,16,28,41
178319	prompt_8_top16	4,7,16,28,42
178320	prompt_8_top16	4,7,16,28,43
185195	subset_5_9_top16	4,8,11,20,36
185196	subset_5_9_top16	4,8,11,20,37
185221	subset_5_9_top16	4,8,11,21,35
185222	subset_5_9_top16	4,8,11,21,36
185223	subset_5_8_9_top16;subset_5_8_top16;subset_5_9_top16	4,8,11,21,37
185224	subset_5_8_9_top16;subset_5_8_top16;subset_5_9_top16	4,8,11,21,38
185225	subset_5_8_top16	4,8,11,21,39
185226	subset_5_8_top16	4,8,11,21,40
185248	subset_5_9_top16	4,8,11,22,36
185249	subset_5_8_9_top16;subset_5_9_top16	4,8,11,22,37
185250	subset_5_8_9_top16;subset_5_9_top16	4,8,11,22,38
185251	subset_5_8_9_top16;subset_5_8_top16;subset_5_9_top16	4,8,11,22,39
185252	subset_5_8_9_top16;subset_5_8_top16;subset_5_9_top16	4,8,11,22,40
185274	subset_5_8_9_top16;subset_5_9_top16	4,8,11,23,37
185275	subset_5_8_9_top16;subset_5_8_top16;subset_5_9_top16	4,8,11,23,38
185276	subset_5_8_9_top16;subset_5_8_top16;subset_5_9_top16	4,8,11,23,39
185277	subset_5_8_9_top16;subset_5_8_top16;subset_5_9_top16	4,8,11,23,40
185278	subset_5_8_9_top16;subset_5_8_top16	4,8,11,23,41
185300	subset_5_9_top16	4,8,11,24,39
185301	subset_5_8_9_top16;subset_5_8_top16	4,8,11,24,40
185302	subset_5_8_9_top16;subset_5_8_top16	4,8,11,24,41
185324	subset_5_8_top16	4,8,11,25,40
185325	subset_5_8_9_top16;subset_5_8_top16	4,8,11,25,41
185347	subset_5_8_top16	4,8,11,26,41
185348	subset_5_8_top16	4,8,11,26,42
198306	uniform_random_128_seed20270826	4,9,18,32,40
204445	uniform_random_128_seed20270826	4,10,14,16,43
211364	uniform_random_128_seed20270826	4,11,12,28,42
216734	uniform_random_128_seed20270826	4,11,25,28,43
223955	uniform_random_128_seed20270826	4,12,25,33,39
235283	included:rand_1	4,14,21,30,40
242152	uniform_random_128_seed20270826	4,15,26,32,35
244902	uniform_random_128_seed20270826	4,16,19,27,29
252577	included:gpf_reuse_e05_1	4,17,31,41,46
266910	uniform_random_128_seed20270826	4,21,36,37,38
282623	uniform_random_128_seed20270826	4,32,35,42,47
291700	uniform_random_128_seed20270826	5,6,17,40,46
299984	uniform_random_128_seed20270826	5,7,13,21,43
302940	uniform_random_128_seed20270826	5,7,19,24,33
314018	uniform_random_128_seed20270826	5,8,22,31,37
315674	uniform_random_128_seed20270826	5,8,29,32,46
316858	uniform_random_128_seed20270826	5,9,10,13,33
326021	prompt_5_top16	5,10,11,15,27
326022	prompt_5_top16	5,10,11,15,28
326023	prompt_5_top16	5,10,11,15,29
326024	prompt_5_top16	5,10,11,15,30
326026	prompt_5_top16	5,10,11,15,32
329771	uniform_random_128_seed20270826	5,10,17,36,40
332049	uniform_random_128_seed20270826	5,10,24,25,34
338655	included:dpcache	5,11,20,29,40
347606	uniform_random_128_seed20270826	5,12,26,34,35
367103	uniform_random_128_seed20270826	5,15,38,43,46
378675	uniform_random_128_seed20270826	5,18,24,38,42
388289	uniform_random_128_seed20270826	5,21,23,42,47
408268	uniform_random_128_seed20270826	6,7,8,11,47
418829	uniform_random_128_seed20270826	6,8,9,10,24
420979	uniform_random_128_seed20270826	6,8,12,14,33
431599	uniform_random_128_seed20270826	6,9,14,26,28
474111	uniform_random_128_seed20270826	6,15,16,34,45
484624	uniform_random_128_seed20270826	6,17,19,22,31
491227	uniform_random_128_seed20270826	6,18,27,32,45
492048	uniform_random_128_seed20270826	6,18,32,36,42
510892	uniform_random_128_seed20270826	6,25,35,38,41
513843	uniform_random_128_seed20270826	6,27,36,39,47
520936	uniform_random_128_seed20270826	7,8,10,14,16
526205	uniform_random_128_seed20270826	7,8,19,33,47
540375	uniform_random_128_seed20270826	7,10,12,41,44
542649	uniform_random_128_seed20270826	7,10,17,20,30
543964	uniform_random_128_seed20270826	7,10,20,23,48
552581	uniform_random_128_seed20270826	7,11,22,32,39
578392	uniform_random_128_seed20270826	7,15,24,42,44
629824	uniform_random_128_seed20270826	8,9,32,33,43
639246	uniform_random_128_seed20270826	8,11,12,23,34
642269	uniform_random_128_seed20270826	8,11,18,21,28
656050	uniform_random_128_seed20270826	8,13,18,25,26
662609	uniform_random_128_seed20270826	8,14,19,33,47
667843	uniform_random_128_seed20270826	8,15,19,22,45
670757	uniform_random_128_seed20270826	8,15,29,34,40
670802	uniform_random_128_seed20270826	8,15,29,38,39
702378	uniform_random_128_seed20270826	8,25,27,29,37
704326	uniform_random_128_seed20270826	8,26,29,32,33
727135	uniform_random_128_seed20270826	9,11,25,38,48
740648	uniform_random_128_seed20270826	9,13,25,27,41
754589	uniform_random_128_seed20270826	9,16,18,20,39
760558	uniform_random_128_seed20270826	9,17,21,38,45
764816	uniform_random_128_seed20270826	9,18,22,29,44
772812	uniform_random_128_seed20270826	9,20,26,30,32
773850	uniform_random_128_seed20270826	9,20,32,33,42
777434	uniform_random_128_seed20270826	9,21,43,46,47
786488	uniform_random_128_seed20270826	9,26,28,38,40
791726	uniform_random_128_seed20270826	9,30,37,38,48
797172	uniform_random_128_seed20270826	10,11,15,31,46
803900	uniform_random_128_seed20270826	10,12,14,41,47
819113	uniform_random_128_seed20270826	10,14,20,38,47
830905	uniform_random_128_seed20270826	10,16,25,29,44
833496	uniform_random_128_seed20270826	10,17,19,28,42
845221	uniform_random_128_seed20270826	10,20,21,28,48
845507	uniform_random_128_seed20270826	10,20,22,27,29
849744	uniform_random_128_seed20270826	10,21,27,29,32
851757	uniform_random_128_seed20270826	10,22,24,35,46
861915	uniform_random_128_seed20270826	10,27,30,34,44
861921	uniform_random_128_seed20270826	10,27,30,35,37
865863	uniform_random_128_seed20270826	10,31,32,44,46
873105	uniform_random_128_seed20270826	11,12,22,26,33
873904	uniform_random_128_seed20270826	11,12,24,41,46
879721	uniform_random_128_seed20270826	11,13,22,29,44
890936	uniform_random_128_seed20270826	11,15,21,36,39
901147	uniform_random_128_seed20270826	11,17,24,27,38
910990	uniform_random_128_seed20270826	11,19,39,40,45
915269	uniform_random_128_seed20270826	11,21,24,43,45
932008	uniform_random_128_seed20270826	11,31,33,43,45
935942	uniform_random_128_seed20270826	12,13,15,45,48
945754	uniform_random_128_seed20270826	12,14,26,34,48
948533	uniform_random_128_seed20270826	12,15,18,26,31
983142	uniform_random_128_seed20270826	12,25,26,27,34
984491	uniform_random_128_seed20270826	12,25,34,38,42
1004714	uniform_random_128_seed20270826	13,15,33,40,44
1018487	uniform_random_128_seed20270826	13,18,36,44,45
1018587	uniform_random_128_seed20270826	13,18,38,44,45
1020070	uniform_random_128_seed20270826	13,19,23,47,48
1020890	uniform_random_128_seed20270826	13,19,27,31,34
1038636	uniform_random_128_seed20270826	13,26,37,45,46
1047577	uniform_random_128_seed20270826	14,15,19,22,27
1050001	uniform_random_128_seed20270826	14,15,26,39,48
1051927	uniform_random_128_seed20270826	14,16,17,33,38
1067676	uniform_random_128_seed20270826	14,19,29,34,38
1080225	uniform_random_128_seed20270826	14,24,26,33,47
1083160	uniform_random_128_seed20270826	14,25,33,41,42
1151134	uniform_random_128_seed20270826	16,21,31,43,45
1183075	uniform_random_128_seed20270826	17,21,37,38,41
1192763	uniform_random_128_seed20270826	17,26,31,35,42
1195760	included:dp_rho2	17,28,36,42,46
1197717	uniform_random_128_seed20270826	17,30,40,44,45
1200202	uniform_random_128_seed20270826	17,36,38,41,44
1211284	uniform_random_128_seed20270826	18,22,25,26,37
1211982	uniform_random_128_seed20270826	18,22,28,29,44
1305972	uniform_random_128_seed20270826	23,24,29,37,47
1308525	uniform_random_128_seed20270826	23,25,36,41,46
1362331	uniform_random_128_seed20270826	31,32,34,38,43
1362659	uniform_random_128_seed20270826	31,32,39,46,47
