model	target_k	method	family	schedule	cache_count	cache_steps	full_steps	source_schema	source_seed	source_prompt_idx
flux	29	taylorseer_o1	shared_predictor	00001101101011011011011010110110110110110101101100	29	4,5,7,8,10,12,13,15,16,18,19,21,22,24,26,27,29,30,32,33,35,36,38,39,41,43,44,46,47	0,1,2,3,6,9,11,14,17,20,23,25,28,31,34,37,40,42,45,48,49	flux_fine_exact_decisions.v1	41	0
flux	29	hicache_o2	shared_predictor	00001101101011011011011010110110110110110101101100	29	4,5,7,8,10,12,13,15,16,18,19,21,22,24,26,27,29,30,32,33,35,36,38,39,41,43,44,46,47	0,1,2,3,6,9,11,14,17,20,23,25,28,31,34,37,40,42,45,48,49	flux_fine_exact_decisions.v1	41	0
flux	29	l2p	shared_predictor	00001101101011011011011010110110110110110101101100	29	4,5,7,8,10,12,13,15,16,18,19,21,22,24,26,27,29,30,32,33,35,36,38,39,41,43,44,46,47	0,1,2,3,6,9,11,14,17,20,23,25,28,31,34,37,40,42,45,48,49	flux_l2p_output_decisions.v1	41	0
flux	29	dpcache	dpcache	00001010101101101110101101101101101101101101101010	29	4,6,8,10,11,13,14,16,17,18,20,22,23,25,26,28,29,31,32,34,35,37,38,40,41,43,44,46,48	0,1,2,3,5,7,9,12,15,19,21,24,27,30,33,36,39,42,45,47,49	flux_dpcache_exact_decisions.v1	41	0
flux	29	budcache	budcache	00001000111010010011011011110111011110111011010110	29	4,8,9,10,12,15,18,19,21,22,24,25,26,27,29,30,31,33,34,35,36,38,39,40,42,43,45,47,48	0,1,2,3,5,6,7,11,13,14,16,17,20,23,28,32,37,41,44,46,49	flux_fixed_residual_decisions.v1	41	0
flux	29	meancache	meancache	00000000010101101101110111011101111011110111011010	29	9,11,13,14,16,17,19,20,21,23,24,25,27,28,29,31,32,33,34,36,37,38,39,41,42,43,45,46,48	0,1,2,3,4,5,6,7,8,10,12,15,18,22,26,30,35,40,44,47,49	flux_meancache_exact_decisions.v1	41	0
flux	37	taylorseer_o1	shared_predictor	00001111101111011111011110111110111110111101111100	37	4,5,6,7,8,10,11,12,13,15,16,17,18,19,21,22,23,24,26,27,28,29,30,32,33,34,35,36,38,39,40,41,43,44,45,46,47	0,1,2,3,9,14,20,25,31,37,42,48,49	flux_fine_exact_decisions.v1	41	0
flux	37	hicache_o2	shared_predictor	00001111101111011111011110111110111110111101111100	37	4,5,6,7,8,10,11,12,13,15,16,17,18,19,21,22,23,24,26,27,28,29,30,32,33,34,35,36,38,39,40,41,43,44,45,46,47	0,1,2,3,9,14,20,25,31,37,42,48,49	flux_fine_exact_decisions.v1	41	0
flux	37	l2p	shared_predictor	00001111101111011111011110111110111110111101111100	37	4,5,6,7,8,10,11,12,13,15,16,17,18,19,21,22,23,24,26,27,28,29,30,32,33,34,35,36,38,39,40,41,43,44,45,46,47	0,1,2,3,9,14,20,25,31,37,42,48,49	flux_l2p_output_decisions.v1	41	0
flux	37	dpcache	dpcache	00010110111101111110111101111101111101111011101110	37	3,5,6,8,9,10,11,13,14,15,16,17,18,20,21,22,23,25,26,27,28,29,31,32,33,34,35,37,38,39,40,42,43,44,46,47,48	0,1,2,4,7,12,19,24,30,36,41,45,49	flux_dpcache_exact_decisions.v1	41	0
flux	37	budcache	budcache	00000101111011101111101111111011111111101111101110	37	5,7,8,9,10,12,13,14,16,17,18,19,20,22,23,24,25,26,27,28,30,31,32,33,34,35,36,37,38,40,41,42,43,44,46,47,48	0,1,2,3,4,6,11,15,21,29,39,45,49	flux_fixed_residual_decisions.v1	41	0
flux	37	meancache	meancache	00000101101110111101111110111111110111111110111110	37	5,7,8,10,11,12,14,15,16,17,19,20,21,22,23,24,26,27,28,29,30,31,32,33,35,36,37,38,39,40,41,42,44,45,46,47,48	0,1,2,3,4,6,9,13,18,25,34,43,49	flux_meancache_exact_decisions.v1	41	0
flux	41	taylorseer_o1	shared_predictor	00001111111111011111111110111111111110111111111100	41	4,5,6,7,8,9,10,11,12,13,15,16,17,18,19,20,21,22,23,24,26,27,28,29,30,31,32,33,34,35,36,38,39,40,41,42,43,44,45,46,47	0,1,2,3,14,25,37,48,49	flux_fine_exact_decisions.v1	41	0
flux	41	hicache_o2	shared_predictor	00001111111111011111111110111111111110111111111100	41	4,5,6,7,8,9,10,11,12,13,15,16,17,18,19,20,21,22,23,24,26,27,28,29,30,31,32,33,34,35,36,38,39,40,41,42,43,44,45,46,47	0,1,2,3,14,25,37,48,49	flux_fine_exact_decisions.v1	41	0
flux	41	l2p	shared_predictor	00001111111111011111111110111111111110111111111100	41	4,5,6,7,8,9,10,11,12,13,15,16,17,18,19,20,21,22,23,24,26,27,28,29,30,31,32,33,34,35,36,38,39,40,41,42,43,44,45,46,47	0,1,2,3,14,25,37,48,49	flux_l2p_output_decisions.v1	41	0
flux	41	dpcache	dpcache	00011011111011111111011111111011111111110111111110	41	3,4,6,7,8,9,10,12,13,14,15,16,17,18,19,21,22,23,24,25,26,27,28,30,31,32,33,34,35,36,37,38,39,41,42,43,44,45,46,47,48	0,1,2,5,11,20,29,40,49	flux_dpcache_exact_decisions.v1	41	0
flux	41	budcache	budcache	00010110111110111111011111111111111111101111111110	41	3,5,6,8,9,10,11,12,14,15,16,17,18,19,21,22,23,24,25,26,27,28,29,30,31,32,33,34,35,36,37,38,40,41,42,43,44,45,46,47,48	0,1,2,4,7,13,20,39,49	flux_fixed_residual_decisions.v1	41	0
flux	41	meancache	meancache	00000111101111111110111111111111110111111111111110	41	5,6,7,8,10,11,12,13,14,15,16,17,18,20,21,22,23,24,25,26,27,28,29,30,31,32,33,35,36,37,38,39,40,41,42,43,44,45,46,47,48	0,1,2,3,4,9,19,34,49	flux_meancache_exact_decisions.v1	41	0
qwen	29	taylorseer_o1	shared_predictor	00001101101011011011011010110110110110110101101100	29	4,5,7,8,10,12,13,15,16,18,19,21,22,24,26,27,29,30,32,33,35,36,38,39,41,43,44,46,47	0,1,2,3,6,9,11,14,17,20,23,25,28,31,34,37,40,42,45,48,49	qwen_image_decisions.v1	42	0
qwen	29	hicache_o2	shared_predictor	00001101101011011011011010110110110110110101101100	29	4,5,7,8,10,12,13,15,16,18,19,21,22,24,26,27,29,30,32,33,35,36,38,39,41,43,44,46,47	0,1,2,3,6,9,11,14,17,20,23,25,28,31,34,37,40,42,45,48,49	qwen_image_decisions.v1	42	0
qwen	29	l2p	shared_predictor	00001101101011011011011010110110110110110101101100	29	4,5,7,8,10,12,13,15,16,18,19,21,22,24,26,27,29,30,32,33,35,36,38,39,41,43,44,46,47	0,1,2,3,6,9,11,14,17,20,23,25,28,31,34,37,40,42,45,48,49	qwen_image_l2p_decisions.v1	42	0
qwen	29	dpcache	dpcache	00010101101101101110111011011011010101010101011010	29	3,5,7,8,10,11,13,14,16,17,18,20,21,22,24,25,27,28,30,31,33,35,37,39,41,43,45,46,48	0,1,2,4,6,9,12,15,19,23,26,29,32,34,36,38,40,42,44,47,49	qwen_image_dpcache_decisions.v1	42	0
qwen	29	budcache	budcache	00000000100101010111011011110111011110111110111010	29	8,11,13,15,17,18,19,21,22,24,25,26,27,29,30,31,33,34,35,36,38,39,40,41,42,44,45,46,48	0,1,2,3,4,5,6,7,9,10,12,14,16,20,23,28,32,37,43,47,49	qwen_image_decisions.v1	42	0
qwen	29	meancache	meancache	00000000000101011011011101111011110111111011111010	29	11,13,15,16,18,19,21,22,23,25,26,27,28,30,31,32,33,35,36,37,38,39,40,42,43,44,45,46,48	0,1,2,3,4,5,6,7,8,9,10,12,14,17,20,24,29,34,41,47,49	qwen_image_meancache_decisions.v1	42	0
qwen	37	taylorseer_o1	shared_predictor	00001111101111011111011110111110111110111101111100	37	4,5,6,7,8,10,11,12,13,15,16,17,18,19,21,22,23,24,26,27,28,29,30,32,33,34,35,36,38,39,40,41,43,44,45,46,47	0,1,2,3,9,14,20,25,31,37,42,48,49	qwen_image_decisions.v1	42	0
qwen	37	hicache_o2	shared_predictor	00001111101111011111011110111110111110111101111100	37	4,5,6,7,8,10,11,12,13,15,16,17,18,19,21,22,23,24,26,27,28,29,30,32,33,34,35,36,38,39,40,41,43,44,45,46,47	0,1,2,3,9,14,20,25,31,37,42,48,49	qwen_image_decisions.v1	42	0
qwen	37	l2p	shared_predictor	00001111101111011111011110111110111110111101111100	37	4,5,6,7,8,10,11,12,13,15,16,17,18,19,21,22,23,24,26,27,28,29,30,32,33,34,35,36,38,39,40,41,43,44,45,46,47	0,1,2,3,9,14,20,25,31,37,42,48,49	qwen_image_l2p_decisions.v1	42	0
qwen	37	dpcache	dpcache	00011011101111011111011111011111011110111101101110	37	3,4,6,7,8,10,11,12,13,15,16,17,18,19,21,22,23,24,25,27,28,29,30,31,33,34,35,36,38,39,40,41,43,44,46,47,48	0,1,2,5,9,14,20,26,32,37,42,45,49	qwen_image_dpcache_decisions.v1	42	0
qwen	37	budcache	budcache	00000010101011111101111111111011111111110111111110	37	6,8,10,12,13,14,15,16,17,19,20,21,22,23,24,25,26,27,28,30,31,32,33,34,35,36,37,38,39,41,42,43,44,45,46,47,48	0,1,2,3,4,5,7,9,11,18,29,40,49	qwen_image_decisions.v1	42	0
qwen	37	meancache	meancache	00000010110111011111011111110111111111011111111110	37	6,8,9,11,12,13,15,16,17,18,19,21,22,23,24,25,26,27,29,30,31,32,33,34,35,36,37,39,40,41,42,43,44,45,46,47,48	0,1,2,3,4,5,7,10,14,20,28,38,49	qwen_image_meancache_decisions.v1	42	0
qwen	41	taylorseer_o1	shared_predictor	00001111111111011111111110111111111110111111111100	41	4,5,6,7,8,9,10,11,12,13,15,16,17,18,19,20,21,22,23,24,26,27,28,29,30,31,32,33,34,35,36,38,39,40,41,42,43,44,45,46,47	0,1,2,3,14,25,37,48,49	qwen_image_decisions.v1	42	0
qwen	41	hicache_o2	shared_predictor	00001111111111011111111110111111111110111111111100	41	4,5,6,7,8,9,10,11,12,13,15,16,17,18,19,20,21,22,23,24,26,27,28,29,30,31,32,33,34,35,36,38,39,40,41,42,43,44,45,46,47	0,1,2,3,14,25,37,48,49	qwen_image_decisions.v1	42	0
qwen	41	l2p	shared_predictor	00001111111111011111111110111111111110111111111100	41	4,5,6,7,8,9,10,11,12,13,15,16,17,18,19,20,21,22,23,24,26,27,28,29,30,31,32,33,34,35,36,38,39,40,41,42,43,44,45,46,47	0,1,2,3,14,25,37,48,49	qwen_image_l2p_decisions.v1	42	0
qwen	41	dpcache	dpcache	00011110111111110111111111110111111111101111101110	41	3,4,5,6,8,9,10,11,12,13,14,15,17,18,19,20,21,22,23,24,25,26,27,29,30,31,32,33,34,35,36,37,38,40,41,42,43,44,46,47,48	0,1,2,7,16,28,39,45,49	qwen_image_dpcache_decisions.v1	42	0
qwen	41	budcache	budcache	00001111011111011111111110111111111110111111111110	41	4,5,6,7,9,10,11,12,13,15,16,17,18,19,20,21,22,23,24,26,27,28,29,30,31,32,33,34,35,36,38,39,40,41,42,43,44,45,46,47,48	0,1,2,3,8,14,25,37,49	qwen_image_decisions.v1	42	0
qwen	41	meancache	meancache	00000111101111111110111111111111110111111111111110	41	5,6,7,8,10,11,12,13,14,15,16,17,18,20,21,22,23,24,25,26,27,28,29,30,31,32,33,35,36,37,38,39,40,41,42,43,44,45,46,47,48	0,1,2,3,4,9,19,34,49	qwen_image_meancache_decisions.v1	42	0
