model	target_k	name	group	schedule	popcount	k_vs_target	first_cache_step	max_cached_run	hamming_to_meancache	transpositions_to_meancache	source	rng	path
flux	29	rand_1	control	00011110001001101110011110010111001001111111010110	29	0	3	7	20	10	constructed: uniform draw of 29 cached steps from 3..48, {0,1,2,49} full	default_rng([20260823, 1, 29, 1])	resources/spx_supplement_schedules/flux_k29_rand_1.txt
flux	29	rand_2	control	00000101110110011011011100101101110111101011111000	29	0	5	5	22	11	constructed: uniform draw of 29 cached steps from 3..48, {0,1,2,49} full	default_rng([20260823, 1, 29, 2])	resources/spx_supplement_schedules/flux_k29_rand_2.txt
flux	29	ham2f	control	00000000010101101101110101011101111111110111011010	29	0	9	9	2	1	constructed: 1 random (cache, full) swaps from flux_k29_meancache, swap window 10..48 (first cached step preserved), gap cap 15, 0 draws rejected	default_rng([20260823, 1, 29, 21])	resources/spx_supplement_schedules/flux_k29_ham2f.txt
flux	29	ham4f	control	00000000010101001111110111011101111011110111101010	29	0	9	6	4	2	constructed: 2 random (cache, full) swaps from flux_k29_meancache, swap window 10..48 (first cached step preserved), gap cap 15, 0 draws rejected	default_rng([20260823, 1, 29, 22])	resources/spx_supplement_schedules/flux_k29_ham4f.txt
flux	29	ham8f	control	00000000010010101111111011011101111011010111111010	29	0	9	7	8	4	constructed: 4 random (cache, full) swaps from flux_k29_meancache, swap window 10..48 (first cached step preserved), gap cap 15, 0 draws rejected	default_rng([20260823, 1, 29, 23])	resources/spx_supplement_schedules/flux_k29_ham8f.txt
flux	29	dp_rho2	control	00010101110111111010111011101110110110101010100000	29	0	3	6	26	13	constructed: rho2 cost-equalisation DP on resources/full_trajectory/tables_jsonl/full_traj_flux_parti_full.jsonl (4896 trajectories, window 5), exponent 1.0, max_gap 15, {0,1,2,49} full, dp_cost 0.49493		resources/spx_supplement_schedules/flux_k29_dp_rho2.txt
flux	29	sencache_top1_off	off_budget	00000000001101110111011110111011101110111011010100	28	-1	10	4	19		discovery_path_counts.tsv: sencache unconditional rank-1, caches 28 of target 29		resources/spx_supplement_schedules/flux_k29_sencache_top1_off.txt
flux	37	rand_1	control	00011111111110111111011111010111011011110111101100	37	0	3	10	16	8	constructed: uniform draw of 37 cached steps from 3..48, {0,1,2,49} full	default_rng([20260823, 1, 37, 1])	resources/spx_supplement_schedules/flux_k37_rand_1.txt
flux	37	rand_2	control	00011111111111111110101101111010111010111101111010	37	0	3	16	18	9	constructed: uniform draw of 37 cached steps from 3..48, {0,1,2,49} full	default_rng([20260823, 1, 37, 2])	resources/spx_supplement_schedules/flux_k37_rand_2.txt
flux	37	ham2f	control	00000111101110111101111110110111110111111110111110	37	0	5	8	2	1	constructed: 1 random (cache, full) swaps from flux_k37_meancache, swap window 6..48 (first cached step preserved), gap cap 15, 0 draws rejected	default_rng([20260823, 1, 37, 21])	resources/spx_supplement_schedules/flux_k37_ham2f.txt
flux	37	ham4f	control	00000101101110011101111110111111111111110111111110	37	0	5	14	4	2	constructed: 2 random (cache, full) swaps from flux_k37_meancache, swap window 6..48 (first cached step preserved), gap cap 15, 1 draws rejected	default_rng([20260823, 1, 37, 22])	resources/spx_supplement_schedules/flux_k37_ham4f.txt
flux	37	ham8f	control	00000111001110111011101111111111110111111101111110	37	0	5	12	8	4	constructed: 4 random (cache, full) swaps from flux_k37_meancache, swap window 6..48 (first cached step preserved), gap cap 15, 0 draws rejected	default_rng([20260823, 1, 37, 23])	resources/spx_supplement_schedules/flux_k37_ham8f.txt
flux	37	dp_rho2	control	00011101111111111011111110111110111101110110101010	37	0	3	10	12	6	constructed: rho2 cost-equalisation DP on resources/full_trajectory/tables_jsonl/full_traj_flux_parti_full.jsonl (4896 trajectories, window 5), exponent 1.0, max_gap 15, {0,1,2,49} full, dp_cost 1.15684		resources/spx_supplement_schedules/flux_k37_dp_rho2.txt
flux	41	rand_1	control	00010111111111011111101111111101111111110111111110	41	0	3	9	8	4	constructed: uniform draw of 41 cached steps from 3..48, {0,1,2,49} full	default_rng([20260823, 1, 41, 1])	resources/spx_supplement_schedules/flux_k41_rand_1.txt
flux	41	rand_2	control	00001111011111101111111111111110111111111111110110	41	0	4	15	8	4	constructed: uniform draw of 41 cached steps from 3..48, {0,1,2,49} full	default_rng([20260823, 1, 41, 2])	resources/spx_supplement_schedules/flux_k41_rand_2.txt
flux	41	ham2f	control	00000111111111111110111011111111110111111111111110	41	0	5	14	2	1	constructed: 1 random (cache, full) swaps from flux_k41_meancache, swap window 6..48 (first cached step preserved), gap cap 15, 3 draws rejected	default_rng([20260823, 1, 41, 21])	resources/spx_supplement_schedules/flux_k41_ham2f.txt
flux	41	ham4f	control	00000111111111111110111110111111111111110111111110	41	0	5	14	4	2	constructed: 2 random (cache, full) swaps from flux_k41_meancache, swap window 6..48 (first cached step preserved), gap cap 15, 13 draws rejected	default_rng([20260823, 1, 41, 22])	resources/spx_supplement_schedules/flux_k41_ham4f.txt
flux	41	dp_rho2	control	00011111111111111011111111110111111101111101110110	41	0	3	14	10	5	constructed: rho2 cost-equalisation DP on resources/full_trajectory/tables_jsonl/full_traj_flux_parti_full.jsonl (4896 trajectories, window 5), exponent 1.0, max_gap 15, {0,1,2,49} full, dp_cost 2.06115		resources/spx_supplement_schedules/flux_k41_dp_rho2.txt
qwen	29	rand_1	control	00000100100010111100101101111111001111110110011110	29	0	5	7	20	10	constructed: uniform draw of 29 cached steps from 3..48, {0,1,2,49} full	default_rng([20260823, 2, 29, 1])	resources/spx_supplement_schedules/qwen_k29_rand_1.txt
qwen	29	rand_2	control	00011000000111111100101111111101110100110011011100	29	0	3	8	18	9	constructed: uniform draw of 29 cached steps from 3..48, {0,1,2,49} full	default_rng([20260823, 2, 29, 2])	resources/spx_supplement_schedules/qwen_k29_rand_2.txt
qwen	29	ham2f	control	00000000000101010011011101111011110111111011111110	29	0	11	7	2	1	constructed: 1 random (cache, full) swaps from qwen_k29_meancache, swap window 12..48 (first cached step preserved), gap cap 15, 0 draws rejected	default_rng([20260823, 2, 29, 21])	resources/spx_supplement_schedules/qwen_k29_ham2f.txt
qwen	29	ham4f	control	00000000000101110011011101111011110111111010111110	29	0	11	6	4	2	constructed: 2 random (cache, full) swaps from qwen_k29_meancache, swap window 12..48 (first cached step preserved), gap cap 15, 0 draws rejected	default_rng([20260823, 2, 29, 22])	resources/spx_supplement_schedules/qwen_k29_ham4f.txt
qwen	29	ham8f	control	00000000000101011111110101110011111110111111111000	29	0	11	9	8	4	constructed: 4 random (cache, full) swaps from qwen_k29_meancache, swap window 12..48 (first cached step preserved), gap cap 15, 0 draws rejected	default_rng([20260823, 2, 29, 23])	resources/spx_supplement_schedules/qwen_k29_ham8f.txt
qwen	29	dp_rho2	control	00001011011011101110111101110111011101101010100000	29	0	4	4	22	11	constructed: rho2 cost-equalisation DP on resources/full_trajectory/tables_jsonl/full_traj_qwen_parti_full.jsonl (4896 trajectories, window 5), exponent 1.0, max_gap 15, {0,1,2,49} full, dp_cost 0.27367		resources/spx_supplement_schedules/qwen_k29_dp_rho2.txt
qwen	37	rand_1	control	00011011111111111111111100110111001011110011111110	37	0	3	18	14	7	constructed: uniform draw of 37 cached steps from 3..48, {0,1,2,49} full	default_rng([20260823, 2, 37, 1])	resources/spx_supplement_schedules/qwen_k37_rand_1.txt
qwen	37	rand_2	control	00011111111001111011011111011111011011110110111110	37	0	3	8	16	8	constructed: uniform draw of 37 cached steps from 3..48, {0,1,2,49} full	default_rng([20260823, 2, 37, 2])	resources/spx_supplement_schedules/qwen_k37_rand_2.txt
qwen	37	ham2f	control	00000010110111011111111111110111111111011111111010	37	0	6	13	2	1	constructed: 1 random (cache, full) swaps from qwen_k37_meancache, swap window 7..48 (first cached step preserved), gap cap 15, 0 draws rejected	default_rng([20260823, 2, 37, 21])	resources/spx_supplement_schedules/qwen_k37_ham2f.txt
qwen	37	ham4f	control	00000010111111111111011111010111111111011111011110	37	0	6	12	4	2	constructed: 2 random (cache, full) swaps from qwen_k37_meancache, swap window 7..48 (first cached step preserved), gap cap 15, 0 draws rejected	default_rng([20260823, 2, 37, 22])	resources/spx_supplement_schedules/qwen_k37_ham4f.txt
qwen	37	ham8f	control	00000011110110111101011111111101111111111111101110	37	0	6	14	8	4	constructed: 4 random (cache, full) swaps from qwen_k37_meancache, swap window 7..48 (first cached step preserved), gap cap 15, 1 draws rejected	default_rng([20260823, 2, 37, 23])	resources/spx_supplement_schedules/qwen_k37_ham8f.txt
qwen	37	dp_rho2	control	00010111110111111110111111110111111101111011101000	37	0	3	8	12	6	constructed: rho2 cost-equalisation DP on resources/full_trajectory/tables_jsonl/full_traj_qwen_parti_full.jsonl (4896 trajectories, window 5), exponent 1.0, max_gap 15, {0,1,2,49} full, dp_cost 0.739915		resources/spx_supplement_schedules/qwen_k37_dp_rho2.txt
qwen	41	rand_1	control	00011111110101111111111101111111111011111111101110	41	0	3	11	10	5	constructed: uniform draw of 41 cached steps from 3..48, {0,1,2,49} full	default_rng([20260823, 2, 41, 1])	resources/spx_supplement_schedules/qwen_k41_rand_1.txt
qwen	41	rand_2	control	00011111011111111111100111101111111101111111111110	41	0	3	12	10	5	constructed: uniform draw of 41 cached steps from 3..48, {0,1,2,49} full	default_rng([20260823, 2, 41, 2])	resources/spx_supplement_schedules/qwen_k41_rand_2.txt
qwen	41	ham2f	control	00000111111111111110111111111111110111011111111110	41	0	5	14	2	1	constructed: 1 random (cache, full) swaps from qwen_k41_meancache, swap window 6..48 (first cached step preserved), gap cap 15, 1 draws rejected	default_rng([20260823, 2, 41, 21])	resources/spx_supplement_schedules/qwen_k41_ham2f.txt
qwen	41	ham4f	control	00000111111111111110111111111101111111111110111110	41	0	5	14	4	2	constructed: 2 random (cache, full) swaps from qwen_k41_meancache, swap window 6..48 (first cached step preserved), gap cap 15, 9 draws rejected	default_rng([20260823, 2, 41, 22])	resources/spx_supplement_schedules/qwen_k41_ham4f.txt
qwen	41	dp_rho2	control	00011111111101111111111111101111111111011111011010	41	0	3	14	10	5	constructed: rho2 cost-equalisation DP on resources/full_trajectory/tables_jsonl/full_traj_qwen_parti_full.jsonl (4896 trajectories, window 5), exponent 1.0, max_gap 15, {0,1,2,49} full, dp_cost 1.33047		resources/spx_supplement_schedules/qwen_k41_dp_rho2.txt
flux	29	dicache_top1_r2	robustness	00000000000111101110111110111110111101110110110100	29	0	11	5	16	8	discovery_path_counts.tsv: dicache exact-K rank-2 (near-tie with rank-1: 292 vs 290)		resources/spx_supplement_schedules/flux_k29_dicache_top1_r2.txt
flux	29	teacache_top1_r2	robustness	00110110110110110101101101101101101101010101010100	29	0	2	2	22	11	discovery_path_counts.tsv: teacache exact-K rank-2 (near-tie with rank-1: 615 vs 588)		resources/spx_supplement_schedules/flux_k29_teacache_top1_r2.txt
qwen	37	teacache_top1_r2	robustness	00011110111110111111011111101111110111110111101000	37	0	3	6	14	7	discovery_path_counts.tsv: teacache exact-K rank-2 (near-tie with rank-1: 455 vs 450)		resources/spx_supplement_schedules/qwen_k37_teacache_top1_r2.txt
flux	29	rand_3	dense	00010011111011110010100110111001100111110101010110	29	0	3	5	22	11	constructed: uniform draw of 29 cached steps from 3..48, {0,1,2,49} full	default_rng([20260823, 1, 29, 3])	resources/spx_supplement_schedules/flux_k29_rand_3.txt
flux	29	rand_4	dense	00001101111110101111010001110010111101101011100010	29	0	4	6	24	12	constructed: uniform draw of 29 cached steps from 3..48, {0,1,2,49} full	default_rng([20260823, 1, 29, 4])	resources/spx_supplement_schedules/flux_k29_rand_4.txt
flux	29	rand_5	dense	00000011110010111101111111110110001010011011110100	29	0	6	9	22	11	constructed: uniform draw of 29 cached steps from 3..48, {0,1,2,49} full	default_rng([20260823, 1, 29, 5])	resources/spx_supplement_schedules/flux_k29_rand_5.txt
flux	29	ham2f_d2	dense	00000000010111101101110111010101111011110111011010	29	0	9	4	2	1	constructed: 1 random (cache, full) swaps from flux_k29_meancache, swap window 10..48 (first cached step preserved), gap cap 15, 0 draws rejected	default_rng([20260823, 1, 29, 24])	resources/spx_supplement_schedules/flux_k29_ham2f_d2.txt
flux	29	ham2f_d3	dense	00000000010111101101110111001101111011110111011010	29	0	9	4	2	1	constructed: 1 random (cache, full) swaps from flux_k29_meancache, swap window 10..48 (first cached step preserved), gap cap 15, 0 draws rejected	default_rng([20260823, 1, 29, 25])	resources/spx_supplement_schedules/flux_k29_ham2f_d3.txt
flux	29	ham4f_d2	dense	00000000010101111101111111011101111011010111011000	29	0	9	7	4	2	constructed: 2 random (cache, full) swaps from flux_k29_meancache, swap window 10..48 (first cached step preserved), gap cap 15, 0 draws rejected	default_rng([20260823, 1, 29, 26])	resources/spx_supplement_schedules/flux_k29_ham4f_d2.txt
flux	29	ham4f_d3	dense	00000000010101111101100111011001111011110111011110	29	0	9	5	4	2	constructed: 2 random (cache, full) swaps from flux_k29_meancache, swap window 10..48 (first cached step preserved), gap cap 15, 0 draws rejected	default_rng([20260823, 1, 29, 27])	resources/spx_supplement_schedules/flux_k29_ham4f_d3.txt
flux	29	ham8f_d2	dense	00000000010111101100110111011111111110100111011100	29	0	9	10	8	4	constructed: 4 random (cache, full) swaps from flux_k29_meancache, swap window 10..48 (first cached step preserved), gap cap 15, 0 draws rejected	default_rng([20260823, 1, 29, 28])	resources/spx_supplement_schedules/flux_k29_ham8f_d2.txt
flux	29	ham8f_d3	dense	00000000011101101101110011011101111001111001111110	29	0	9	6	8	4	constructed: 4 random (cache, full) swaps from flux_k29_meancache, swap window 10..48 (first cached step preserved), gap cap 15, 0 draws rejected	default_rng([20260823, 1, 29, 29])	resources/spx_supplement_schedules/flux_k29_ham8f_d3.txt
flux	29	ham2_d1	dense	00000000010101111101110111011101110011110111011010	29	0	9	5	2	1	constructed: 1 random (cache, full) swaps from flux_k29_meancache, swap window 3..48 (first cached step free), gap cap 15, 0 draws rejected	default_rng([20260823, 1, 29, 6])	resources/spx_supplement_schedules/flux_k29_ham2_d1.txt
flux	29	ham2_d2	dense	00000001010101101100110111011101111011110111011010	29	0	7	4	2	1	constructed: 1 random (cache, full) swaps from flux_k29_meancache, swap window 3..48 (first cached step free), gap cap 15, 0 draws rejected	default_rng([20260823, 1, 29, 7])	resources/spx_supplement_schedules/flux_k29_ham2_d2.txt
flux	29	ham4_d1	dense	00001000110101101101110111011101111001110011011010	29	0	4	4	4	2	constructed: 2 random (cache, full) swaps from flux_k29_meancache, swap window 3..48 (first cached step free), gap cap 15, 0 draws rejected	default_rng([20260823, 1, 29, 8])	resources/spx_supplement_schedules/flux_k29_ham4_d1.txt
flux	29	ham4_d2	dense	00000001010101101101111101011101111011110111001010	29	0	7	5	4	2	constructed: 2 random (cache, full) swaps from flux_k29_meancache, swap window 3..48 (first cached step free), gap cap 15, 0 draws rejected	default_rng([20260823, 1, 29, 9])	resources/spx_supplement_schedules/flux_k29_ham4_d2.txt
flux	29	ham8_d1	dense	00000000011101100101010111010111111011011111111010	29	0	9	8	8	4	constructed: 4 random (cache, full) swaps from flux_k29_meancache, swap window 3..48 (first cached step free), gap cap 15, 0 draws rejected	default_rng([20260823, 1, 29, 10])	resources/spx_supplement_schedules/flux_k29_ham8_d1.txt
flux	29	ham8_d2	dense	00001001010101101011110101001101111011101111011010	29	0	4	4	8	4	constructed: 4 random (cache, full) swaps from flux_k29_meancache, swap window 3..48 (first cached step free), gap cap 15, 0 draws rejected	default_rng([20260823, 1, 29, 11])	resources/spx_supplement_schedules/flux_k29_ham8_d2.txt
flux	37	rand_3	dense	00010111111110111111110111100101101011111111110110	37	0	3	10	14	7	constructed: uniform draw of 37 cached steps from 3..48, {0,1,2,49} full	default_rng([20260823, 1, 37, 3])	resources/spx_supplement_schedules/flux_k37_rand_3.txt
flux	37	rand_4	dense	00011101111111111111011111010001110111111111001110	37	0	3	13	14	7	constructed: uniform draw of 37 cached steps from 3..48, {0,1,2,49} full	default_rng([20260823, 1, 37, 4])	resources/spx_supplement_schedules/flux_k37_rand_4.txt
flux	37	rand_5	dense	00011111011110111110111101111111110011101111101010	37	0	3	9	14	7	constructed: uniform draw of 37 cached steps from 3..48, {0,1,2,49} full	default_rng([20260823, 1, 37, 5])	resources/spx_supplement_schedules/flux_k37_rand_5.txt
flux	37	ham2f_d2	dense	00000101101110111101111110111111110111111111111010	37	0	5	12	2	1	constructed: 1 random (cache, full) swaps from flux_k37_meancache, swap window 6..48 (first cached step preserved), gap cap 15, 0 draws rejected	default_rng([20260823, 1, 37, 24])	resources/spx_supplement_schedules/flux_k37_ham2f_d2.txt
flux	37	ham2f_d3	dense	00000101101110111101111101111111110111111110111110	37	0	5	9	2	1	constructed: 1 random (cache, full) swaps from flux_k37_meancache, swap window 6..48 (first cached step preserved), gap cap 15, 0 draws rejected	default_rng([20260823, 1, 37, 25])	resources/spx_supplement_schedules/flux_k37_ham2f_d3.txt
flux	37	ham4f_d2	dense	00000101100110111111111110111111110111111111011110	37	0	5	11	4	2	constructed: 2 random (cache, full) swaps from flux_k37_meancache, swap window 6..48 (first cached step preserved), gap cap 15, 5 draws rejected	default_rng([20260823, 1, 37, 26])	resources/spx_supplement_schedules/flux_k37_ham4f_d2.txt
flux	37	ham4f_d3	dense	00000101101110111111111110111111110111111101111100	37	0	5	11	4	2	constructed: 2 random (cache, full) swaps from flux_k37_meancache, swap window 6..48 (first cached step preserved), gap cap 15, 2 draws rejected	default_rng([20260823, 1, 37, 27])	resources/spx_supplement_schedules/flux_k37_ham4f_d3.txt
flux	37	ham8f_d2	dense	00000101101111111111110010101111111111011111111110	37	0	5	12	8	4	constructed: 4 random (cache, full) swaps from flux_k37_meancache, swap window 6..48 (first cached step preserved), gap cap 15, 1 draws rejected	default_rng([20260823, 1, 37, 28])	resources/spx_supplement_schedules/flux_k37_ham8f_d2.txt
flux	37	ham8f_d3	dense	00000111101111111110111110111011111011111110011110	37	0	5	9	8	4	constructed: 4 random (cache, full) swaps from flux_k37_meancache, swap window 6..48 (first cached step preserved), gap cap 15, 0 draws rejected	default_rng([20260823, 1, 37, 29])	resources/spx_supplement_schedules/flux_k37_ham8f_d3.txt
flux	37	ham2_d1	dense	00000111101110111101111110111111110111111100111110	37	0	5	8	2	1	constructed: 1 random (cache, full) swaps from flux_k37_meancache, swap window 3..48 (first cached step free), gap cap 15, 0 draws rejected	default_rng([20260823, 1, 37, 6])	resources/spx_supplement_schedules/flux_k37_ham2_d1.txt
flux	37	ham2_d2	dense	00000101101111111101111110111101110111111110111110	37	0	5	8	2	1	constructed: 1 random (cache, full) swaps from flux_k37_meancache, swap window 3..48 (first cached step free), gap cap 15, 0 draws rejected	default_rng([20260823, 1, 37, 7])	resources/spx_supplement_schedules/flux_k37_ham2_d2.txt
flux	37	ham4_d1	dense	00000101101111111101111110111111100111111111111100	37	0	5	13	4	2	constructed: 2 random (cache, full) swaps from flux_k37_meancache, swap window 3..48 (first cached step free), gap cap 15, 0 draws rejected	default_rng([20260823, 1, 37, 8])	resources/spx_supplement_schedules/flux_k37_ham4_d1.txt
flux	37	ham4_d2	dense	00010101111110111101111110100111110111111110111110	37	0	3	8	4	2	constructed: 2 random (cache, full) swaps from flux_k37_meancache, swap window 3..48 (first cached step free), gap cap 15, 0 draws rejected	default_rng([20260823, 1, 37, 9])	resources/spx_supplement_schedules/flux_k37_ham4_d2.txt
flux	37	ham8_d1	dense	00010001110111111101111110111111111011011110111110	37	0	3	9	8	4	constructed: 4 random (cache, full) swaps from flux_k37_meancache, swap window 3..48 (first cached step free), gap cap 15, 0 draws rejected	default_rng([20260823, 1, 37, 10])	resources/spx_supplement_schedules/flux_k37_ham8_d1.txt
flux	37	ham8_d2	dense	00000101110111111111100110111101110111111111111110	37	0	5	14	8	4	constructed: 4 random (cache, full) swaps from flux_k37_meancache, swap window 3..48 (first cached step free), gap cap 15, 0 draws rejected	default_rng([20260823, 1, 37, 11])	resources/spx_supplement_schedules/flux_k37_ham8_d2.txt
qwen	29	rand_3	dense	00010011101110110010111111000110110001011110111100	29	0	3	6	24	12	constructed: uniform draw of 29 cached steps from 3..48, {0,1,2,49} full	default_rng([20260823, 2, 29, 3])	resources/spx_supplement_schedules/qwen_k29_rand_3.txt
qwen	29	rand_4	dense	00011110000111101100011101110111011010110011100110	29	0	3	4	20	10	constructed: uniform draw of 29 cached steps from 3..48, {0,1,2,49} full	default_rng([20260823, 2, 29, 4])	resources/spx_supplement_schedules/qwen_k29_rand_4.txt
qwen	29	rand_5	dense	00001101000110110111010110110101111101011101101100	29	0	4	5	22	11	constructed: uniform draw of 29 cached steps from 3..48, {0,1,2,49} full	default_rng([20260823, 2, 29, 5])	resources/spx_supplement_schedules/qwen_k29_rand_5.txt
qwen	29	ham2f_d2	dense	00000000000101011011011111111011110011111011111010	29	0	11	8	2	1	constructed: 1 random (cache, full) swaps from qwen_k29_meancache, swap window 12..48 (first cached step preserved), gap cap 15, 0 draws rejected	default_rng([20260823, 2, 29, 24])	resources/spx_supplement_schedules/qwen_k29_ham2f_d2.txt
qwen	29	ham2f_d3	dense	00000000000101011111011101111011110110111011111010	29	0	11	5	2	1	constructed: 1 random (cache, full) swaps from qwen_k29_meancache, swap window 12..48 (first cached step preserved), gap cap 15, 0 draws rejected	default_rng([20260823, 2, 29, 25])	resources/spx_supplement_schedules/qwen_k29_ham2f_d3.txt
qwen	29	ham4f_d2	dense	00000000000111011011111101111001110101111011111010	29	0	11	6	4	2	constructed: 2 random (cache, full) swaps from qwen_k29_meancache, swap window 12..48 (first cached step preserved), gap cap 15, 0 draws rejected	default_rng([20260823, 2, 29, 26])	resources/spx_supplement_schedules/qwen_k29_ham4f_d2.txt
qwen	29	ham4f_d3	dense	00000000000101011011011101011101110111111011111110	29	0	11	7	4	2	constructed: 2 random (cache, full) swaps from qwen_k29_meancache, swap window 12..48 (first cached step preserved), gap cap 15, 0 draws rejected	default_rng([20260823, 2, 29, 27])	resources/spx_supplement_schedules/qwen_k29_ham4f_d3.txt
qwen	29	ham8f_d2	dense	00000000000101111011010101111010111111110111111100	29	0	11	8	8	4	constructed: 4 random (cache, full) swaps from qwen_k29_meancache, swap window 12..48 (first cached step preserved), gap cap 15, 0 draws rejected	default_rng([20260823, 2, 29, 28])	resources/spx_supplement_schedules/qwen_k29_ham8f_d2.txt
qwen	29	ham8f_d3	dense	00000000000111011011111111111011110110101111010010	29	0	11	11	8	4	constructed: 4 random (cache, full) swaps from qwen_k29_meancache, swap window 12..48 (first cached step preserved), gap cap 15, 0 draws rejected	default_rng([20260823, 2, 29, 29])	resources/spx_supplement_schedules/qwen_k29_ham8f_d3.txt
qwen	29	ham2_d1	dense	00010000000101011011011101111001110111111011111010	29	0	3	6	2	1	constructed: 1 random (cache, full) swaps from qwen_k29_meancache, swap window 3..48 (first cached step free), gap cap 15, 0 draws rejected	default_rng([20260823, 2, 29, 6])	resources/spx_supplement_schedules/qwen_k29_ham2_d1.txt
qwen	29	ham2_d2	dense	00000001000101011011011101111001110111111011111010	29	0	7	6	2	1	constructed: 1 random (cache, full) swaps from qwen_k29_meancache, swap window 3..48 (first cached step free), gap cap 15, 0 draws rejected	default_rng([20260823, 2, 29, 7])	resources/spx_supplement_schedules/qwen_k29_ham2_d2.txt
qwen	29	ham4_d1	dense	00000000001101011011011101111001111111111011110010	29	0	10	10	4	2	constructed: 2 random (cache, full) swaps from qwen_k29_meancache, swap window 3..48 (first cached step free), gap cap 15, 0 draws rejected	default_rng([20260823, 2, 29, 8])	resources/spx_supplement_schedules/qwen_k29_ham4_d1.txt
qwen	29	ham4_d2	dense	00000001000111011011010101101011110111111011111010	29	0	7	6	4	2	constructed: 2 random (cache, full) swaps from qwen_k29_meancache, swap window 3..48 (first cached step free), gap cap 15, 0 draws rejected	default_rng([20260823, 2, 29, 9])	resources/spx_supplement_schedules/qwen_k29_ham4_d2.txt
qwen	29	ham8_d1	dense	00000000000101011111111111110010010111111111110010	29	0	11	13	8	4	constructed: 4 random (cache, full) swaps from qwen_k29_meancache, swap window 3..48 (first cached step free), gap cap 15, 0 draws rejected	default_rng([20260823, 2, 29, 10])	resources/spx_supplement_schedules/qwen_k29_ham8_d1.txt
qwen	29	ham8_d2	dense	00000000110101101011011101110011110110111111111000	29	0	8	9	8	4	constructed: 4 random (cache, full) swaps from qwen_k29_meancache, swap window 3..48 (first cached step free), gap cap 15, 0 draws rejected	default_rng([20260823, 2, 29, 11])	resources/spx_supplement_schedules/qwen_k29_ham8_d2.txt
qwen	37	rand_3	dense	00001111111111111111111001111101101010011111011110	37	0	4	19	14	7	constructed: uniform draw of 37 cached steps from 3..48, {0,1,2,49} full	default_rng([20260823, 2, 37, 3])	resources/spx_supplement_schedules/qwen_k37_rand_3.txt
qwen	37	rand_4	dense	00010011100011111110111111111101111111101111101110	37	0	3	10	12	6	constructed: uniform draw of 37 cached steps from 3..48, {0,1,2,49} full	default_rng([20260823, 2, 37, 4])	resources/spx_supplement_schedules/qwen_k37_rand_4.txt
qwen	37	rand_5	dense	00011101011111110011111110111111101111111110101100	37	0	3	9	18	9	constructed: uniform draw of 37 cached steps from 3..48, {0,1,2,49} full	default_rng([20260823, 2, 37, 5])	resources/spx_supplement_schedules/qwen_k37_rand_5.txt
qwen	37	ham2f_d2	dense	00000010110101111111011111110111111111011111111110	37	0	6	10	2	1	constructed: 1 random (cache, full) swaps from qwen_k37_meancache, swap window 7..48 (first cached step preserved), gap cap 15, 0 draws rejected	default_rng([20260823, 2, 37, 24])	resources/spx_supplement_schedules/qwen_k37_ham2f_d2.txt
qwen	37	ham2f_d3	dense	00000010110101011111111111110111111111011111111110	37	0	6	13	2	1	constructed: 1 random (cache, full) swaps from qwen_k37_meancache, swap window 7..48 (first cached step preserved), gap cap 15, 0 draws rejected	default_rng([20260823, 2, 37, 25])	resources/spx_supplement_schedules/qwen_k37_ham2f_d3.txt
qwen	37	ham4f_d2	dense	00000010101111111111011111110110111111011111111110	37	0	6	10	4	2	constructed: 2 random (cache, full) swaps from qwen_k37_meancache, swap window 7..48 (first cached step preserved), gap cap 15, 0 draws rejected	default_rng([20260823, 2, 37, 26])	resources/spx_supplement_schedules/qwen_k37_ham4f_d2.txt
qwen	37	ham4f_d3	dense	00000011110111011011011111111111101111011111111110	37	0	6	12	4	2	constructed: 2 random (cache, full) swaps from qwen_k37_meancache, swap window 7..48 (first cached step preserved), gap cap 15, 0 draws rejected	default_rng([20260823, 2, 37, 27])	resources/spx_supplement_schedules/qwen_k37_ham4f_d3.txt
qwen	37	ham8f_d2	dense	00000010111111101111111111010011111111111101111110	37	0	6	12	8	4	constructed: 4 random (cache, full) swaps from qwen_k37_meancache, swap window 7..48 (first cached step preserved), gap cap 15, 0 draws rejected	default_rng([20260823, 2, 37, 28])	resources/spx_supplement_schedules/qwen_k37_ham8f_d2.txt
qwen	37	ham8f_d3	dense	00000011111111011101011111111111011111110111110110	37	0	6	11	8	4	constructed: 4 random (cache, full) swaps from qwen_k37_meancache, swap window 7..48 (first cached step preserved), gap cap 15, 1 draws rejected	default_rng([20260823, 2, 37, 29])	resources/spx_supplement_schedules/qwen_k37_ham8f_d3.txt
qwen	37	ham2_d1	dense	00000110110111011111011111110111111111011111111100	37	0	5	9	2	1	constructed: 1 random (cache, full) swaps from qwen_k37_meancache, swap window 3..48 (first cached step free), gap cap 15, 0 draws rejected	default_rng([20260823, 2, 37, 6])	resources/spx_supplement_schedules/qwen_k37_ham2_d1.txt
qwen	37	ham2_d2	dense	00001010110111011111011111110111111111011111011110	37	0	4	9	2	1	constructed: 1 random (cache, full) swaps from qwen_k37_meancache, swap window 3..48 (first cached step free), gap cap 15, 0 draws rejected	default_rng([20260823, 2, 37, 7])	resources/spx_supplement_schedules/qwen_k37_ham2_d2.txt
qwen	37	ham4_d1	dense	00000010111111011011111111110111111101011111111110	37	0	6	10	4	2	constructed: 2 random (cache, full) swaps from qwen_k37_meancache, swap window 3..48 (first cached step free), gap cap 15, 0 draws rejected	default_rng([20260823, 2, 37, 8])	resources/spx_supplement_schedules/qwen_k37_ham4_d1.txt
qwen	37	ham4_d2	dense	00001010111111011111011111110111111011011111111010	37	0	4	8	4	2	constructed: 2 random (cache, full) swaps from qwen_k37_meancache, swap window 3..48 (first cached step free), gap cap 15, 2 draws rejected	default_rng([20260823, 2, 37, 9])	resources/spx_supplement_schedules/qwen_k37_ham4_d2.txt
qwen	37	ham8_d1	dense	00001100010111111111011111111110111011011111111110	37	0	4	10	8	4	constructed: 4 random (cache, full) swaps from qwen_k37_meancache, swap window 3..48 (first cached step free), gap cap 15, 1 draws rejected	default_rng([20260823, 2, 37, 10])	resources/spx_supplement_schedules/qwen_k37_ham8_d1.txt
qwen	37	ham8_d2	dense	00010010111111010111011110111111111111110011111110	37	0	3	14	8	4	constructed: 4 random (cache, full) swaps from qwen_k37_meancache, swap window 3..48 (first cached step free), gap cap 15, 0 draws rejected	default_rng([20260823, 2, 37, 11])	resources/spx_supplement_schedules/qwen_k37_ham8_d2.txt
