model	family	dataset	budget	seed	start	main	max_skip	switch_ratio	prompt_file	n_prompts	array_tasks	cluster	gt_dir
flux	k29	drawbench_full	29	41	0.005	0.6	10	0.2	resources/prompts/prompt.txt	200	1	site_a	$DATA/cache_results/flux/golden_path_seed_fixed_site_a_6f39bf5/drawbench_full_s41/original_gpseedfix_drawbench_full_n200_s41_50_site_a_6f39bf5
flux	k29	drawbench_full	29	42	0.005	0.6	10	0.2	resources/prompts/prompt.txt	200	1	site_a	$DATA/cache_results/flux/golden_path_seed_fixed_site_a_6f39bf5/drawbench_full_s42/original_gpseedfix_drawbench_full_n200_s42_50_site_a_6f39bf5
flux	k29	drawbench_full	29	43	0.005	0.6	10	0.2	resources/prompts/prompt.txt	200	1	site_a	$DATA/cache_results/flux/golden_path_seed_fixed_site_a_6f39bf5/drawbench_full_s43/original_gpseedfix_drawbench_full_n200_s43_50_site_a_6f39bf5
flux	k29	parti_full	29	41	0.005	0.6	10	0.2	resources/prompts/partiprompts_full_eval1632_seed42.txt	1632	2	site_a	$DATA/cache_results/flux/golden_path_seed_fixed_site_a_6f39bf5/parti_full_s41/original_gpseedfix_parti_full_n1632_s41_50_site_a_6f39bf5
flux	k29	parti_full	29	42	0.005	0.6	10	0.2	resources/prompts/partiprompts_full_eval1632_seed42.txt	1632	2	site_a	$DATA/cache_results/flux/golden_path_seed_fixed_site_a_6f39bf5/parti_full_s42/original_gpseedfix_parti_full_n1632_s42_50_site_a_6f39bf5
flux	k29	parti_full	29	43	0.005	0.6	10	0.2	resources/prompts/partiprompts_full_eval1632_seed42.txt	1632	2	site_a	$DATA/cache_results/flux/golden_path_seed_fixed_site_a_6f39bf5/parti_full_s43/original_gpseedfix_parti_full_n1632_s43_50_site_a_6f39bf5
flux	k29	geneval_style	29	41	0.005	0.6	10	0.2	resources/prompts/geneval_seed43_n100.txt	553	1	site_a	$DATA/cache_results/flux/golden_path_seed_fixed_site_a_6f39bf5/geneval_style_s41/original_gpseedfix_geneval_style_n553_s41_50_site_a_6f39bf5
flux	k29	geneval_style	29	42	0.005	0.6	10	0.2	resources/prompts/geneval_seed43_n100.txt	553	1	site_a	$DATA/cache_results/flux/golden_path_seed_fixed_site_a_6f39bf5/geneval_style_s42/original_gpseedfix_geneval_style_n553_s42_50_site_a_6f39bf5
flux	k29	geneval_style	29	43	0.005	0.6	10	0.2	resources/prompts/geneval_seed43_n100.txt	553	1	site_a	$DATA/cache_results/flux/golden_path_seed_fixed_site_a_6f39bf5/geneval_style_s43/original_gpseedfix_geneval_style_n553_s43_50_site_a_6f39bf5
flux	k29	diffusiondb_clean10k	29	41	0.005	0.6	10	0.2	resources/prompts/diffusiondb_2m_clean_10000_seed42.txt	10000	2	site_b	$DATA/cache_results/cross_model_ddb_clean10k_formal_4d25951_v1/flux/original/s41
flux	k29	diffusiondb_clean10k	29	42	0.005	0.6	10	0.2	resources/prompts/diffusiondb_2m_clean_10000_seed42.txt	10000	2	site_b	$DATA/cache_results/cross_model_ddb_clean10k_formal_4d25951_v1/flux/original/s42
flux	k29	diffusiondb_clean10k	29	43	0.005	0.6	10	0.2	resources/prompts/diffusiondb_2m_clean_10000_seed42.txt	10000	2	site_b	$DATA/cache_results/cross_model_ddb_clean10k_formal_4d25951_v1/flux/original/s43
flux	k37	drawbench_full	37	41	0.005	3.6	39	0.2	resources/prompts/prompt.txt	200	1	site_a	$DATA/cache_results/flux/golden_path_seed_fixed_site_a_6f39bf5/drawbench_full_s41/original_gpseedfix_drawbench_full_n200_s41_50_site_a_6f39bf5
flux	k37	drawbench_full	37	42	0.005	3.6	39	0.2	resources/prompts/prompt.txt	200	1	site_a	$DATA/cache_results/flux/golden_path_seed_fixed_site_a_6f39bf5/drawbench_full_s42/original_gpseedfix_drawbench_full_n200_s42_50_site_a_6f39bf5
flux	k37	drawbench_full	37	43	0.005	3.6	39	0.2	resources/prompts/prompt.txt	200	1	site_a	$DATA/cache_results/flux/golden_path_seed_fixed_site_a_6f39bf5/drawbench_full_s43/original_gpseedfix_drawbench_full_n200_s43_50_site_a_6f39bf5
flux	k37	parti_full	37	41	0.005	3.6	39	0.2	resources/prompts/partiprompts_full_eval1632_seed42.txt	1632	2	site_a	$DATA/cache_results/flux/golden_path_seed_fixed_site_a_6f39bf5/parti_full_s41/original_gpseedfix_parti_full_n1632_s41_50_site_a_6f39bf5
flux	k37	parti_full	37	42	0.005	3.6	39	0.2	resources/prompts/partiprompts_full_eval1632_seed42.txt	1632	2	site_a	$DATA/cache_results/flux/golden_path_seed_fixed_site_a_6f39bf5/parti_full_s42/original_gpseedfix_parti_full_n1632_s42_50_site_a_6f39bf5
flux	k37	parti_full	37	43	0.005	3.6	39	0.2	resources/prompts/partiprompts_full_eval1632_seed42.txt	1632	2	site_a	$DATA/cache_results/flux/golden_path_seed_fixed_site_a_6f39bf5/parti_full_s43/original_gpseedfix_parti_full_n1632_s43_50_site_a_6f39bf5
flux	k37	geneval_style	37	41	0.005	3.6	39	0.2	resources/prompts/geneval_seed43_n100.txt	553	1	site_a	$DATA/cache_results/flux/golden_path_seed_fixed_site_a_6f39bf5/geneval_style_s41/original_gpseedfix_geneval_style_n553_s41_50_site_a_6f39bf5
flux	k37	geneval_style	37	42	0.005	3.6	39	0.2	resources/prompts/geneval_seed43_n100.txt	553	1	site_a	$DATA/cache_results/flux/golden_path_seed_fixed_site_a_6f39bf5/geneval_style_s42/original_gpseedfix_geneval_style_n553_s42_50_site_a_6f39bf5
flux	k37	geneval_style	37	43	0.005	3.6	39	0.2	resources/prompts/geneval_seed43_n100.txt	553	1	site_a	$DATA/cache_results/flux/golden_path_seed_fixed_site_a_6f39bf5/geneval_style_s43/original_gpseedfix_geneval_style_n553_s43_50_site_a_6f39bf5
flux	k37	diffusiondb_clean10k	37	41	0.005	3.6	39	0.2	resources/prompts/diffusiondb_2m_clean_10000_seed42.txt	10000	2	site_b	$DATA/cache_results/cross_model_ddb_clean10k_formal_4d25951_v1/flux/original/s41
flux	k37	diffusiondb_clean10k	37	42	0.005	3.6	39	0.2	resources/prompts/diffusiondb_2m_clean_10000_seed42.txt	10000	2	site_b	$DATA/cache_results/cross_model_ddb_clean10k_formal_4d25951_v1/flux/original/s42
flux	k37	diffusiondb_clean10k	37	43	0.005	3.6	39	0.2	resources/prompts/diffusiondb_2m_clean_10000_seed42.txt	10000	2	site_b	$DATA/cache_results/cross_model_ddb_clean10k_formal_4d25951_v1/flux/original/s43
flux	k41	drawbench_full	41	41	0.005	3.6	43	0.12	resources/prompts/prompt.txt	200	1	site_a	$DATA/cache_results/flux/golden_path_seed_fixed_site_a_6f39bf5/drawbench_full_s41/original_gpseedfix_drawbench_full_n200_s41_50_site_a_6f39bf5
flux	k41	drawbench_full	41	42	0.005	3.6	43	0.12	resources/prompts/prompt.txt	200	1	site_a	$DATA/cache_results/flux/golden_path_seed_fixed_site_a_6f39bf5/drawbench_full_s42/original_gpseedfix_drawbench_full_n200_s42_50_site_a_6f39bf5
flux	k41	drawbench_full	41	43	0.005	3.6	43	0.12	resources/prompts/prompt.txt	200	1	site_a	$DATA/cache_results/flux/golden_path_seed_fixed_site_a_6f39bf5/drawbench_full_s43/original_gpseedfix_drawbench_full_n200_s43_50_site_a_6f39bf5
flux	k41	parti_full	41	41	0.005	3.6	43	0.12	resources/prompts/partiprompts_full_eval1632_seed42.txt	1632	2	site_a	$DATA/cache_results/flux/golden_path_seed_fixed_site_a_6f39bf5/parti_full_s41/original_gpseedfix_parti_full_n1632_s41_50_site_a_6f39bf5
flux	k41	parti_full	41	42	0.005	3.6	43	0.12	resources/prompts/partiprompts_full_eval1632_seed42.txt	1632	2	site_a	$DATA/cache_results/flux/golden_path_seed_fixed_site_a_6f39bf5/parti_full_s42/original_gpseedfix_parti_full_n1632_s42_50_site_a_6f39bf5
flux	k41	parti_full	41	43	0.005	3.6	43	0.12	resources/prompts/partiprompts_full_eval1632_seed42.txt	1632	2	site_a	$DATA/cache_results/flux/golden_path_seed_fixed_site_a_6f39bf5/parti_full_s43/original_gpseedfix_parti_full_n1632_s43_50_site_a_6f39bf5
flux	k41	geneval_style	41	41	0.005	3.6	43	0.12	resources/prompts/geneval_seed43_n100.txt	553	1	site_a	$DATA/cache_results/flux/golden_path_seed_fixed_site_a_6f39bf5/geneval_style_s41/original_gpseedfix_geneval_style_n553_s41_50_site_a_6f39bf5
flux	k41	geneval_style	41	42	0.005	3.6	43	0.12	resources/prompts/geneval_seed43_n100.txt	553	1	site_a	$DATA/cache_results/flux/golden_path_seed_fixed_site_a_6f39bf5/geneval_style_s42/original_gpseedfix_geneval_style_n553_s42_50_site_a_6f39bf5
flux	k41	geneval_style	41	43	0.005	3.6	43	0.12	resources/prompts/geneval_seed43_n100.txt	553	1	site_a	$DATA/cache_results/flux/golden_path_seed_fixed_site_a_6f39bf5/geneval_style_s43/original_gpseedfix_geneval_style_n553_s43_50_site_a_6f39bf5
flux	k41	diffusiondb_clean10k	41	41	0.005	3.6	43	0.12	resources/prompts/diffusiondb_2m_clean_10000_seed42.txt	10000	2	site_b	$DATA/cache_results/cross_model_ddb_clean10k_formal_4d25951_v1/flux/original/s41
flux	k41	diffusiondb_clean10k	41	42	0.005	3.6	43	0.12	resources/prompts/diffusiondb_2m_clean_10000_seed42.txt	10000	2	site_b	$DATA/cache_results/cross_model_ddb_clean10k_formal_4d25951_v1/flux/original/s42
flux	k41	diffusiondb_clean10k	41	43	0.005	3.6	43	0.12	resources/prompts/diffusiondb_2m_clean_10000_seed42.txt	10000	2	site_b	$DATA/cache_results/cross_model_ddb_clean10k_formal_4d25951_v1/flux/original/s43
flux	k29_n3	drawbench_full	29	41	0.005	0.8	3	0.2	resources/prompts/prompt.txt	200	1	site_a	$DATA/cache_results/flux/golden_path_seed_fixed_site_a_6f39bf5/drawbench_full_s41/original_gpseedfix_drawbench_full_n200_s41_50_site_a_6f39bf5
flux	k29_n3	drawbench_full	29	42	0.005	0.8	3	0.2	resources/prompts/prompt.txt	200	1	site_a	$DATA/cache_results/flux/golden_path_seed_fixed_site_a_6f39bf5/drawbench_full_s42/original_gpseedfix_drawbench_full_n200_s42_50_site_a_6f39bf5
flux	k29_n3	drawbench_full	29	43	0.005	0.8	3	0.2	resources/prompts/prompt.txt	200	1	site_a	$DATA/cache_results/flux/golden_path_seed_fixed_site_a_6f39bf5/drawbench_full_s43/original_gpseedfix_drawbench_full_n200_s43_50_site_a_6f39bf5
flux	k29_n20	drawbench_full	29	41	0.005	0.6	20	0.2	resources/prompts/prompt.txt	200	1	site_a	$DATA/cache_results/flux/golden_path_seed_fixed_site_a_6f39bf5/drawbench_full_s41/original_gpseedfix_drawbench_full_n200_s41_50_site_a_6f39bf5
flux	k29_n20	drawbench_full	29	42	0.005	0.6	20	0.2	resources/prompts/prompt.txt	200	1	site_a	$DATA/cache_results/flux/golden_path_seed_fixed_site_a_6f39bf5/drawbench_full_s42/original_gpseedfix_drawbench_full_n200_s42_50_site_a_6f39bf5
flux	k29_n20	drawbench_full	29	43	0.005	0.6	20	0.2	resources/prompts/prompt.txt	200	1	site_a	$DATA/cache_results/flux/golden_path_seed_fixed_site_a_6f39bf5/drawbench_full_s43/original_gpseedfix_drawbench_full_n200_s43_50_site_a_6f39bf5
flux	k29_n39	drawbench_full	29	41	0.005	0.6	39	0.2	resources/prompts/prompt.txt	200	1	site_a	$DATA/cache_results/flux/golden_path_seed_fixed_site_a_6f39bf5/drawbench_full_s41/original_gpseedfix_drawbench_full_n200_s41_50_site_a_6f39bf5
flux	k29_n39	drawbench_full	29	42	0.005	0.6	39	0.2	resources/prompts/prompt.txt	200	1	site_a	$DATA/cache_results/flux/golden_path_seed_fixed_site_a_6f39bf5/drawbench_full_s42/original_gpseedfix_drawbench_full_n200_s42_50_site_a_6f39bf5
flux	k29_n39	drawbench_full	29	43	0.005	0.6	39	0.2	resources/prompts/prompt.txt	200	1	site_a	$DATA/cache_results/flux/golden_path_seed_fixed_site_a_6f39bf5/drawbench_full_s43/original_gpseedfix_drawbench_full_n200_s43_50_site_a_6f39bf5
qwen	k29	drawbench_full	29	42	0.005	0.36	10	0.2	reference/hicache/code/models/qwen_image/prompts/DrawBench200.txt	200	1	site_a	$DATA/cache_results/qwen_image/qwen_formal_23817f4_d200_original50
qwen	k29	drawbench_full	29	100042	0.005	0.36	10	0.2	reference/hicache/code/models/qwen_image/prompts/DrawBench200.txt	200	1	site_a	$DATA/cache_results/qwen_image/qwen_family_completion_v1/stage1/H1/drawbench_full/original_s100042
qwen	k29	drawbench_full	29	200042	0.005	0.36	10	0.2	reference/hicache/code/models/qwen_image/prompts/DrawBench200.txt	200	1	site_a	$DATA/cache_results/qwen_image/qwen_family_completion_v1/stage1/H2/drawbench_full/original_s200042
qwen	k29	parti_full	29	42	0.005	0.36	10	0.2	resources/prompts/partiprompts_full_eval1632_seed42.txt	1632	4	site_a	$DATA/cache_results/qwen_image/cross_dataset_qwen_xds_33fdaf0/originals/parti_full/qwen_parti_full_original50_s42_qwen_xds_33fdaf0
qwen	k29	parti_full	29	100042	0.005	0.36	10	0.2	resources/prompts/partiprompts_full_eval1632_seed42.txt	1632	4	site_a	$DATA/cache_results/qwen_image/qwen_family_completion_v1/stage1/H1/parti_full/original_s100042
qwen	k29	parti_full	29	200042	0.005	0.36	10	0.2	resources/prompts/partiprompts_full_eval1632_seed42.txt	1632	4	site_a	$DATA/cache_results/qwen_image/qwen_family_completion_v1/stage1/H2/parti_full/original_s200042
qwen	k29	geneval_style	29	42	0.005	0.36	10	0.2	resources/prompts/geneval_seed43_n100.txt	553	2	site_a	$DATA/cache_results/qwen_image/cross_dataset_qwen_xds_33fdaf0/originals/geneval_style/qwen_geneval_style_original50_s42_qwen_xds_33fdaf0
qwen	k29	geneval_style	29	100042	0.005	0.36	10	0.2	resources/prompts/geneval_seed43_n100.txt	553	2	site_a	$DATA/cache_results/qwen_image/qwen_family_completion_v1/stage1/H1/geneval_style/original_s100042
qwen	k29	geneval_style	29	200042	0.005	0.36	10	0.2	resources/prompts/geneval_seed43_n100.txt	553	2	site_a	$DATA/cache_results/qwen_image/qwen_family_completion_v1/stage1/H2/geneval_style/original_s200042
qwen	k29	diffusiondb_clean10k	29	42	0.005	0.36	10	0.2	resources/prompts/diffusiondb_2m_clean_10000_seed42.txt	10000	8	site_a	$DATA/cache_results/cross_model_ddb_clean10k_formal_4d25951_v1/qwen/original/s42
qwen	k29	diffusiondb_clean10k	29	100042	0.005	0.36	10	0.2	resources/prompts/diffusiondb_2m_clean_10000_seed42.txt	10000	8	site_a	$DATA/cache_results/cross_model_ddb_clean10k_formal_4d25951_v1/qwen/original/s100042
qwen	k29	diffusiondb_clean10k	29	200042	0.005	0.36	10	0.2	resources/prompts/diffusiondb_2m_clean_10000_seed42.txt	10000	8	site_a	$DATA/cache_results/cross_model_ddb_clean10k_formal_4d25951_v1/qwen/original/s200042
qwen	k37	drawbench_full	37	42	0.005	1.8	39	0.2	reference/hicache/code/models/qwen_image/prompts/DrawBench200.txt	200	1	site_a	$DATA/cache_results/qwen_image/qwen_formal_23817f4_d200_original50
qwen	k37	drawbench_full	37	100042	0.005	1.8	39	0.2	reference/hicache/code/models/qwen_image/prompts/DrawBench200.txt	200	1	site_a	$DATA/cache_results/qwen_image/qwen_family_completion_v1/stage1/H1/drawbench_full/original_s100042
qwen	k37	drawbench_full	37	200042	0.005	1.8	39	0.2	reference/hicache/code/models/qwen_image/prompts/DrawBench200.txt	200	1	site_a	$DATA/cache_results/qwen_image/qwen_family_completion_v1/stage1/H2/drawbench_full/original_s200042
qwen	k37	parti_full	37	42	0.005	1.8	39	0.2	resources/prompts/partiprompts_full_eval1632_seed42.txt	1632	4	site_a	$DATA/cache_results/qwen_image/cross_dataset_qwen_xds_33fdaf0/originals/parti_full/qwen_parti_full_original50_s42_qwen_xds_33fdaf0
qwen	k37	parti_full	37	100042	0.005	1.8	39	0.2	resources/prompts/partiprompts_full_eval1632_seed42.txt	1632	4	site_a	$DATA/cache_results/qwen_image/qwen_family_completion_v1/stage1/H1/parti_full/original_s100042
qwen	k37	parti_full	37	200042	0.005	1.8	39	0.2	resources/prompts/partiprompts_full_eval1632_seed42.txt	1632	4	site_a	$DATA/cache_results/qwen_image/qwen_family_completion_v1/stage1/H2/parti_full/original_s200042
qwen	k37	geneval_style	37	42	0.005	1.8	39	0.2	resources/prompts/geneval_seed43_n100.txt	553	2	site_a	$DATA/cache_results/qwen_image/cross_dataset_qwen_xds_33fdaf0/originals/geneval_style/qwen_geneval_style_original50_s42_qwen_xds_33fdaf0
qwen	k37	geneval_style	37	100042	0.005	1.8	39	0.2	resources/prompts/geneval_seed43_n100.txt	553	2	site_a	$DATA/cache_results/qwen_image/qwen_family_completion_v1/stage1/H1/geneval_style/original_s100042
qwen	k37	geneval_style	37	200042	0.005	1.8	39	0.2	resources/prompts/geneval_seed43_n100.txt	553	2	site_a	$DATA/cache_results/qwen_image/qwen_family_completion_v1/stage1/H2/geneval_style/original_s200042
qwen	k37	diffusiondb_clean10k	37	42	0.005	1.8	39	0.2	resources/prompts/diffusiondb_2m_clean_10000_seed42.txt	10000	8	site_a	$DATA/cache_results/cross_model_ddb_clean10k_formal_4d25951_v1/qwen/original/s42
qwen	k37	diffusiondb_clean10k	37	100042	0.005	1.8	39	0.2	resources/prompts/diffusiondb_2m_clean_10000_seed42.txt	10000	8	site_a	$DATA/cache_results/cross_model_ddb_clean10k_formal_4d25951_v1/qwen/original/s100042
qwen	k37	diffusiondb_clean10k	37	200042	0.005	1.8	39	0.2	resources/prompts/diffusiondb_2m_clean_10000_seed42.txt	10000	8	site_a	$DATA/cache_results/cross_model_ddb_clean10k_formal_4d25951_v1/qwen/original/s200042
qwen	k41	drawbench_full	41	42	0.005	1.8	43	0.12	reference/hicache/code/models/qwen_image/prompts/DrawBench200.txt	200	1	site_a	$DATA/cache_results/qwen_image/qwen_formal_23817f4_d200_original50
qwen	k41	drawbench_full	41	100042	0.005	1.8	43	0.12	reference/hicache/code/models/qwen_image/prompts/DrawBench200.txt	200	1	site_a	$DATA/cache_results/qwen_image/qwen_family_completion_v1/stage1/H1/drawbench_full/original_s100042
qwen	k41	drawbench_full	41	200042	0.005	1.8	43	0.12	reference/hicache/code/models/qwen_image/prompts/DrawBench200.txt	200	1	site_a	$DATA/cache_results/qwen_image/qwen_family_completion_v1/stage1/H2/drawbench_full/original_s200042
qwen	k41	parti_full	41	42	0.005	1.8	43	0.12	resources/prompts/partiprompts_full_eval1632_seed42.txt	1632	4	site_a	$DATA/cache_results/qwen_image/cross_dataset_qwen_xds_33fdaf0/originals/parti_full/qwen_parti_full_original50_s42_qwen_xds_33fdaf0
qwen	k41	parti_full	41	100042	0.005	1.8	43	0.12	resources/prompts/partiprompts_full_eval1632_seed42.txt	1632	4	site_a	$DATA/cache_results/qwen_image/qwen_family_completion_v1/stage1/H1/parti_full/original_s100042
qwen	k41	parti_full	41	200042	0.005	1.8	43	0.12	resources/prompts/partiprompts_full_eval1632_seed42.txt	1632	4	site_a	$DATA/cache_results/qwen_image/qwen_family_completion_v1/stage1/H2/parti_full/original_s200042
qwen	k41	geneval_style	41	42	0.005	1.8	43	0.12	resources/prompts/geneval_seed43_n100.txt	553	2	site_a	$DATA/cache_results/qwen_image/cross_dataset_qwen_xds_33fdaf0/originals/geneval_style/qwen_geneval_style_original50_s42_qwen_xds_33fdaf0
qwen	k41	geneval_style	41	100042	0.005	1.8	43	0.12	resources/prompts/geneval_seed43_n100.txt	553	2	site_a	$DATA/cache_results/qwen_image/qwen_family_completion_v1/stage1/H1/geneval_style/original_s100042
qwen	k41	geneval_style	41	200042	0.005	1.8	43	0.12	resources/prompts/geneval_seed43_n100.txt	553	2	site_a	$DATA/cache_results/qwen_image/qwen_family_completion_v1/stage1/H2/geneval_style/original_s200042
qwen	k41	diffusiondb_clean10k	41	42	0.005	1.8	43	0.12	resources/prompts/diffusiondb_2m_clean_10000_seed42.txt	10000	8	site_a	$DATA/cache_results/cross_model_ddb_clean10k_formal_4d25951_v1/qwen/original/s42
qwen	k41	diffusiondb_clean10k	41	100042	0.005	1.8	43	0.12	resources/prompts/diffusiondb_2m_clean_10000_seed42.txt	10000	8	site_a	$DATA/cache_results/cross_model_ddb_clean10k_formal_4d25951_v1/qwen/original/s100042
qwen	k41	diffusiondb_clean10k	41	200042	0.005	1.8	43	0.12	resources/prompts/diffusiondb_2m_clean_10000_seed42.txt	10000	8	site_a	$DATA/cache_results/cross_model_ddb_clean10k_formal_4d25951_v1/qwen/original/s200042
qwen	k29_n3	drawbench_full	29	42	0.005	0.58	3	0.2	reference/hicache/code/models/qwen_image/prompts/DrawBench200.txt	200	1	site_a	$DATA/cache_results/qwen_image/qwen_formal_23817f4_d200_original50
qwen	k29_n3	drawbench_full	29	100042	0.005	0.58	3	0.2	reference/hicache/code/models/qwen_image/prompts/DrawBench200.txt	200	1	site_a	$DATA/cache_results/qwen_image/qwen_family_completion_v1/stage1/H1/drawbench_full/original_s100042
qwen	k29_n3	drawbench_full	29	200042	0.005	0.58	3	0.2	reference/hicache/code/models/qwen_image/prompts/DrawBench200.txt	200	1	site_a	$DATA/cache_results/qwen_image/qwen_family_completion_v1/stage1/H2/drawbench_full/original_s200042
qwen	k29_n20	drawbench_full	29	42	0.005	0.36	20	0.2	reference/hicache/code/models/qwen_image/prompts/DrawBench200.txt	200	1	site_a	$DATA/cache_results/qwen_image/qwen_formal_23817f4_d200_original50
qwen	k29_n20	drawbench_full	29	100042	0.005	0.36	20	0.2	reference/hicache/code/models/qwen_image/prompts/DrawBench200.txt	200	1	site_a	$DATA/cache_results/qwen_image/qwen_family_completion_v1/stage1/H1/drawbench_full/original_s100042
qwen	k29_n20	drawbench_full	29	200042	0.005	0.36	20	0.2	reference/hicache/code/models/qwen_image/prompts/DrawBench200.txt	200	1	site_a	$DATA/cache_results/qwen_image/qwen_family_completion_v1/stage1/H2/drawbench_full/original_s200042
qwen	k29_n39	drawbench_full	29	42	0.005	0.36	39	0.2	reference/hicache/code/models/qwen_image/prompts/DrawBench200.txt	200	1	site_a	$DATA/cache_results/qwen_image/qwen_formal_23817f4_d200_original50
qwen	k29_n39	drawbench_full	29	100042	0.005	0.36	39	0.2	reference/hicache/code/models/qwen_image/prompts/DrawBench200.txt	200	1	site_a	$DATA/cache_results/qwen_image/qwen_family_completion_v1/stage1/H1/drawbench_full/original_s100042
qwen	k29_n39	drawbench_full	29	200042	0.005	0.36	39	0.2	reference/hicache/code/models/qwen_image/prompts/DrawBench200.txt	200	1	site_a	$DATA/cache_results/qwen_image/qwen_family_completion_v1/stage1/H2/drawbench_full/original_s200042
