dataset	family	budget	seed	start	main	max_skip	switch_ratio	n_prompts	array_tasks
penguin599	k29	29	54	0.005	0.31	10	0.2	599	10
penguin599	k29	29	55	0.005	0.31	10	0.2	599	10
penguin599	k29	29	56	0.005	0.31	10	0.2	599	10
penguin599	k37	37	54	0.005	1.6	39	0.2	599	10
penguin599	k37	37	55	0.005	1.6	39	0.2	599	10
penguin599	k37	37	56	0.005	1.6	39	0.2	599	10
penguin599	k41	41	54	0.005	2.9	43	0.12	599	10
penguin599	k41	41	55	0.005	2.9	43	0.12	599	10
penguin599	k41	41	56	0.005	2.9	43	0.12	599	10
penguin599	k29_n3	29	54	0.005	0.9	3	0.2	599	10
penguin599	k29_n3	29	55	0.005	0.9	3	0.2	599	10
penguin599	k29_n3	29	56	0.005	0.9	3	0.2	599	10
penguin599	k29_n20	29	54	0.005	0.31	20	0.2	599	10
penguin599	k29_n20	29	55	0.005	0.31	20	0.2	599	10
penguin599	k29_n20	29	56	0.005	0.31	20	0.2	599	10
penguin599	k29_n39	29	54	0.005	0.31	39	0.2	599	10
penguin599	k29_n39	29	55	0.005	0.31	39	0.2	599	10
penguin599	k29_n39	29	56	0.005	0.31	39	0.2	599	10
vbench944	k29	29	42	0.005	0.31	10	0.2	944	16
vbench944	k29	29	43	0.005	0.31	10	0.2	944	16
vbench944	k29	29	44	0.005	0.31	10	0.2	944	16
vbench944	k37	37	42	0.005	1.6	39	0.2	944	16
vbench944	k37	37	43	0.005	1.6	39	0.2	944	16
vbench944	k37	37	44	0.005	1.6	39	0.2	944	16
vbench944	k41	41	42	0.005	2.9	43	0.12	944	16
vbench944	k41	41	43	0.005	2.9	43	0.12	944	16
vbench944	k41	41	44	0.005	2.9	43	0.12	944	16
