cell_id	model	k	k_realized	schedule	payload	cell_dir	schedule_file
flux_k29_budcachexdi_two_anchor	flux	29	29	budcache	di_two_anchor	flux/k29/budcachexdi_two_anchor_s42	resources/sp_cross_schedules/flux_k29_budcache.txt
flux_k37_budcachexdi_two_anchor	flux	37	37	budcache	di_two_anchor	flux/k37/budcachexdi_two_anchor_s42	resources/sp_cross_schedules/flux_k37_budcache.txt
flux_k41_budcachexdi_two_anchor	flux	41	41	budcache	di_two_anchor	flux/k41/budcachexdi_two_anchor_s42	resources/sp_cross_schedules/flux_k41_budcache.txt
flux_k29_budcachexhermite_o2	flux	29	29	budcache	hermite_o2	flux/k29/budcachexhermite_o2_s42	resources/sp_cross_schedules/flux_k29_budcache.txt
flux_k37_budcachexhermite_o2	flux	37	37	budcache	hermite_o2	flux/k37/budcachexhermite_o2_s42	resources/sp_cross_schedules/flux_k37_budcache.txt
flux_k41_budcachexhermite_o2	flux	41	41	budcache	hermite_o2	flux/k41/budcachexhermite_o2_s42	resources/sp_cross_schedules/flux_k41_budcache.txt
flux_k29_budcachexmean_avg_vel	flux	29	29	budcache	mean_avg_vel	flux/k29/budcachexmean_avg_vel_s42	resources/sp_cross_schedules/flux_k29_budcache.txt
flux_k37_budcachexmean_avg_vel	flux	37	37	budcache	mean_avg_vel	flux/k37/budcachexmean_avg_vel_s42	resources/sp_cross_schedules/flux_k37_budcache.txt
flux_k41_budcachexmean_avg_vel	flux	41	41	budcache	mean_avg_vel	flux/k41/budcachexmean_avg_vel_s42	resources/sp_cross_schedules/flux_k41_budcache.txt
flux_k29_budcachexreuse	flux	29	29	budcache	reuse	flux/k29/budcachexreuse_s42	resources/sp_cross_schedules/flux_k29_budcache.txt
flux_k37_budcachexreuse	flux	37	37	budcache	reuse	flux/k37/budcachexreuse_s42	resources/sp_cross_schedules/flux_k37_budcache.txt
flux_k41_budcachexreuse	flux	41	41	budcache	reuse	flux/k41/budcachexreuse_s42	resources/sp_cross_schedules/flux_k41_budcache.txt
flux_k29_budcachextaylor_o1	flux	29	29	budcache	taylor_o1	flux/k29/budcachextaylor_o1_s42	resources/sp_cross_schedules/flux_k29_budcache.txt
flux_k37_budcachextaylor_o1	flux	37	37	budcache	taylor_o1	flux/k37/budcachextaylor_o1_s42	resources/sp_cross_schedules/flux_k37_budcache.txt
flux_k41_budcachextaylor_o1	flux	41	41	budcache	taylor_o1	flux/k41/budcachextaylor_o1_s42	resources/sp_cross_schedules/flux_k41_budcache.txt
flux_k29_dicache_top1xdi_two_anchor	flux	29	29	dicache_top1	di_two_anchor	flux/k29/dicache_top1xdi_two_anchor_s42	resources/sp_cross_schedules/flux_k29_dicache_top1.txt
flux_k37_dicache_top1xdi_two_anchor	flux	37	37	dicache_top1	di_two_anchor	flux/k37/dicache_top1xdi_two_anchor_s42	resources/sp_cross_schedules/flux_k37_dicache_top1.txt
flux_k41_dicache_top1xdi_two_anchor	flux	41	41	dicache_top1	di_two_anchor	flux/k41/dicache_top1xdi_two_anchor_s42	resources/sp_cross_schedules/flux_k41_dicache_top1.txt
flux_k29_dicache_top1xhermite_o2	flux	29	29	dicache_top1	hermite_o2	flux/k29/dicache_top1xhermite_o2_s42	resources/sp_cross_schedules/flux_k29_dicache_top1.txt
flux_k37_dicache_top1xhermite_o2	flux	37	37	dicache_top1	hermite_o2	flux/k37/dicache_top1xhermite_o2_s42	resources/sp_cross_schedules/flux_k37_dicache_top1.txt
flux_k41_dicache_top1xhermite_o2	flux	41	41	dicache_top1	hermite_o2	flux/k41/dicache_top1xhermite_o2_s42	resources/sp_cross_schedules/flux_k41_dicache_top1.txt
flux_k29_dicache_top1xmean_avg_vel	flux	29	29	dicache_top1	mean_avg_vel	flux/k29/dicache_top1xmean_avg_vel_s42	resources/sp_cross_schedules/flux_k29_dicache_top1.txt
flux_k37_dicache_top1xmean_avg_vel	flux	37	37	dicache_top1	mean_avg_vel	flux/k37/dicache_top1xmean_avg_vel_s42	resources/sp_cross_schedules/flux_k37_dicache_top1.txt
flux_k41_dicache_top1xmean_avg_vel	flux	41	41	dicache_top1	mean_avg_vel	flux/k41/dicache_top1xmean_avg_vel_s42	resources/sp_cross_schedules/flux_k41_dicache_top1.txt
flux_k29_dicache_top1xreuse	flux	29	29	dicache_top1	reuse	flux/k29/dicache_top1xreuse_s42	resources/sp_cross_schedules/flux_k29_dicache_top1.txt
flux_k37_dicache_top1xreuse	flux	37	37	dicache_top1	reuse	flux/k37/dicache_top1xreuse_s42	resources/sp_cross_schedules/flux_k37_dicache_top1.txt
flux_k41_dicache_top1xreuse	flux	41	41	dicache_top1	reuse	flux/k41/dicache_top1xreuse_s42	resources/sp_cross_schedules/flux_k41_dicache_top1.txt
flux_k29_dicache_top1xtaylor_o1	flux	29	29	dicache_top1	taylor_o1	flux/k29/dicache_top1xtaylor_o1_s42	resources/sp_cross_schedules/flux_k29_dicache_top1.txt
flux_k37_dicache_top1xtaylor_o1	flux	37	37	dicache_top1	taylor_o1	flux/k37/dicache_top1xtaylor_o1_s42	resources/sp_cross_schedules/flux_k37_dicache_top1.txt
flux_k41_dicache_top1xtaylor_o1	flux	41	41	dicache_top1	taylor_o1	flux/k41/dicache_top1xtaylor_o1_s42	resources/sp_cross_schedules/flux_k41_dicache_top1.txt
flux_k29_dp_rho2xreuse	flux	29	29	dp_rho2	reuse	flux/k29/dp_rho2xreuse_s42	resources/spx_supplement_schedules/flux_k29_dp_rho2.txt
flux_k37_dp_rho2xreuse	flux	37	37	dp_rho2	reuse	flux/k37/dp_rho2xreuse_s42	resources/spx_supplement_schedules/flux_k37_dp_rho2.txt
flux_k41_dp_rho2xreuse	flux	41	41	dp_rho2	reuse	flux/k41/dp_rho2xreuse_s42	resources/spx_supplement_schedules/flux_k41_dp_rho2.txt
flux_k29_dpcachexdi_two_anchor	flux	29	29	dpcache	di_two_anchor	flux/k29/dpcachexdi_two_anchor_s42	resources/sp_cross_schedules/flux_k29_dpcache.txt
flux_k37_dpcachexdi_two_anchor	flux	37	37	dpcache	di_two_anchor	flux/k37/dpcachexdi_two_anchor_s42	resources/sp_cross_schedules/flux_k37_dpcache.txt
flux_k41_dpcachexdi_two_anchor	flux	41	41	dpcache	di_two_anchor	flux/k41/dpcachexdi_two_anchor_s42	resources/sp_cross_schedules/flux_k41_dpcache.txt
flux_k29_dpcachexhermite_o2	flux	29	29	dpcache	hermite_o2	flux/k29/dpcachexhermite_o2_s42	resources/sp_cross_schedules/flux_k29_dpcache.txt
flux_k37_dpcachexhermite_o2	flux	37	37	dpcache	hermite_o2	flux/k37/dpcachexhermite_o2_s42	resources/sp_cross_schedules/flux_k37_dpcache.txt
flux_k41_dpcachexhermite_o2	flux	41	41	dpcache	hermite_o2	flux/k41/dpcachexhermite_o2_s42	resources/sp_cross_schedules/flux_k41_dpcache.txt
flux_k29_dpcachexmean_avg_vel	flux	29	29	dpcache	mean_avg_vel	flux/k29/dpcachexmean_avg_vel_s42	resources/sp_cross_schedules/flux_k29_dpcache.txt
flux_k37_dpcachexmean_avg_vel	flux	37	37	dpcache	mean_avg_vel	flux/k37/dpcachexmean_avg_vel_s42	resources/sp_cross_schedules/flux_k37_dpcache.txt
flux_k41_dpcachexmean_avg_vel	flux	41	41	dpcache	mean_avg_vel	flux/k41/dpcachexmean_avg_vel_s42	resources/sp_cross_schedules/flux_k41_dpcache.txt
flux_k29_dpcachexreuse	flux	29	29	dpcache	reuse	flux/k29/dpcachexreuse_s42	resources/sp_cross_schedules/flux_k29_dpcache.txt
flux_k37_dpcachexreuse	flux	37	37	dpcache	reuse	flux/k37/dpcachexreuse_s42	resources/sp_cross_schedules/flux_k37_dpcache.txt
flux_k41_dpcachexreuse	flux	41	41	dpcache	reuse	flux/k41/dpcachexreuse_s42	resources/sp_cross_schedules/flux_k41_dpcache.txt
flux_k29_dpcachextaylor_o1	flux	29	29	dpcache	taylor_o1	flux/k29/dpcachextaylor_o1_s42	resources/sp_cross_schedules/flux_k29_dpcache.txt
flux_k37_dpcachextaylor_o1	flux	37	37	dpcache	taylor_o1	flux/k37/dpcachextaylor_o1_s42	resources/sp_cross_schedules/flux_k37_dpcache.txt
flux_k41_dpcachextaylor_o1	flux	41	41	dpcache	taylor_o1	flux/k41/dpcachextaylor_o1_s42	resources/sp_cross_schedules/flux_k41_dpcache.txt
flux_k29_gpf_o1_e15_1xreuse	flux	29	29	gpf_o1_e15_1	reuse	flux/k29/gpf_o1_e15_1xreuse_s42	resources/sp_cross_schedules/flux_k29_gpf_o1_e15_1.txt
flux_k37_gpf_o1_e15_1xreuse	flux	37	37	gpf_o1_e15_1	reuse	flux/k37/gpf_o1_e15_1xreuse_s42	resources/sp_cross_schedules/flux_k37_gpf_o1_e15_1.txt
flux_k29_gpf_o1_e15_1xtaylor_o1	flux	29	29	gpf_o1_e15_1	taylor_o1	flux/k29/gpf_o1_e15_1xtaylor_o1_s42	resources/sp_cross_schedules/flux_k29_gpf_o1_e15_1.txt
flux_k37_gpf_o1_e15_1xtaylor_o1	flux	37	37	gpf_o1_e15_1	taylor_o1	flux/k37/gpf_o1_e15_1xtaylor_o1_s42	resources/sp_cross_schedules/flux_k37_gpf_o1_e15_1.txt
flux_k41_gpf_o1_e20_1xreuse	flux	41	41	gpf_o1_e20_1	reuse	flux/k41/gpf_o1_e20_1xreuse_s42	resources/sp_cross_schedules/flux_k41_gpf_o1_e20_1.txt
flux_k41_gpf_o1_e20_1xtaylor_o1	flux	41	41	gpf_o1_e20_1	taylor_o1	flux/k41/gpf_o1_e20_1xtaylor_o1_s42	resources/sp_cross_schedules/flux_k41_gpf_o1_e20_1.txt
flux_k29_gpf_reuse_e05_1xreuse	flux	29	29	gpf_reuse_e05_1	reuse	flux/k29/gpf_reuse_e05_1xreuse_s42	resources/sp_cross_schedules/flux_k29_gpf_reuse_e05_1.txt
flux_k37_gpf_reuse_e05_1xreuse	flux	37	37	gpf_reuse_e05_1	reuse	flux/k37/gpf_reuse_e05_1xreuse_s42	resources/sp_cross_schedules/flux_k37_gpf_reuse_e05_1.txt
flux_k41_gpf_reuse_e05_1xreuse	flux	41	41	gpf_reuse_e05_1	reuse	flux/k41/gpf_reuse_e05_1xreuse_s42	resources/sp_cross_schedules/flux_k41_gpf_reuse_e05_1.txt
flux_k29_ham2_d1xreuse	flux	29	29	ham2_d1	reuse	flux/k29/ham2_d1xreuse_s42	resources/spx_supplement_schedules/flux_k29_ham2_d1.txt
flux_k37_ham2_d1xreuse	flux	37	37	ham2_d1	reuse	flux/k37/ham2_d1xreuse_s42	resources/spx_supplement_schedules/flux_k37_ham2_d1.txt
flux_k29_ham2_d2xreuse	flux	29	29	ham2_d2	reuse	flux/k29/ham2_d2xreuse_s42	resources/spx_supplement_schedules/flux_k29_ham2_d2.txt
flux_k37_ham2_d2xreuse	flux	37	37	ham2_d2	reuse	flux/k37/ham2_d2xreuse_s42	resources/spx_supplement_schedules/flux_k37_ham2_d2.txt
flux_k29_ham2fxreuse	flux	29	29	ham2f	reuse	flux/k29/ham2fxreuse_s42	resources/spx_supplement_schedules/flux_k29_ham2f.txt
flux_k37_ham2fxreuse	flux	37	37	ham2f	reuse	flux/k37/ham2fxreuse_s42	resources/spx_supplement_schedules/flux_k37_ham2f.txt
flux_k41_ham2fxreuse	flux	41	41	ham2f	reuse	flux/k41/ham2fxreuse_s42	resources/spx_supplement_schedules/flux_k41_ham2f.txt
flux_k29_ham2f_d2xreuse	flux	29	29	ham2f_d2	reuse	flux/k29/ham2f_d2xreuse_s42	resources/spx_supplement_schedules/flux_k29_ham2f_d2.txt
flux_k37_ham2f_d2xreuse	flux	37	37	ham2f_d2	reuse	flux/k37/ham2f_d2xreuse_s42	resources/spx_supplement_schedules/flux_k37_ham2f_d2.txt
flux_k29_ham2f_d3xreuse	flux	29	29	ham2f_d3	reuse	flux/k29/ham2f_d3xreuse_s42	resources/spx_supplement_schedules/flux_k29_ham2f_d3.txt
flux_k37_ham2f_d3xreuse	flux	37	37	ham2f_d3	reuse	flux/k37/ham2f_d3xreuse_s42	resources/spx_supplement_schedules/flux_k37_ham2f_d3.txt
flux_k29_ham4_d1xreuse	flux	29	29	ham4_d1	reuse	flux/k29/ham4_d1xreuse_s42	resources/spx_supplement_schedules/flux_k29_ham4_d1.txt
flux_k37_ham4_d1xreuse	flux	37	37	ham4_d1	reuse	flux/k37/ham4_d1xreuse_s42	resources/spx_supplement_schedules/flux_k37_ham4_d1.txt
flux_k29_ham4_d2xreuse	flux	29	29	ham4_d2	reuse	flux/k29/ham4_d2xreuse_s42	resources/spx_supplement_schedules/flux_k29_ham4_d2.txt
flux_k37_ham4_d2xreuse	flux	37	37	ham4_d2	reuse	flux/k37/ham4_d2xreuse_s42	resources/spx_supplement_schedules/flux_k37_ham4_d2.txt
flux_k29_ham4fxreuse	flux	29	29	ham4f	reuse	flux/k29/ham4fxreuse_s42	resources/spx_supplement_schedules/flux_k29_ham4f.txt
flux_k37_ham4fxreuse	flux	37	37	ham4f	reuse	flux/k37/ham4fxreuse_s42	resources/spx_supplement_schedules/flux_k37_ham4f.txt
flux_k41_ham4fxreuse	flux	41	41	ham4f	reuse	flux/k41/ham4fxreuse_s42	resources/spx_supplement_schedules/flux_k41_ham4f.txt
flux_k29_ham4f_d2xreuse	flux	29	29	ham4f_d2	reuse	flux/k29/ham4f_d2xreuse_s42	resources/spx_supplement_schedules/flux_k29_ham4f_d2.txt
flux_k37_ham4f_d2xreuse	flux	37	37	ham4f_d2	reuse	flux/k37/ham4f_d2xreuse_s42	resources/spx_supplement_schedules/flux_k37_ham4f_d2.txt
flux_k29_ham4f_d3xreuse	flux	29	29	ham4f_d3	reuse	flux/k29/ham4f_d3xreuse_s42	resources/spx_supplement_schedules/flux_k29_ham4f_d3.txt
flux_k37_ham4f_d3xreuse	flux	37	37	ham4f_d3	reuse	flux/k37/ham4f_d3xreuse_s42	resources/spx_supplement_schedules/flux_k37_ham4f_d3.txt
flux_k29_ham8_d1xreuse	flux	29	29	ham8_d1	reuse	flux/k29/ham8_d1xreuse_s42	resources/spx_supplement_schedules/flux_k29_ham8_d1.txt
flux_k37_ham8_d1xreuse	flux	37	37	ham8_d1	reuse	flux/k37/ham8_d1xreuse_s42	resources/spx_supplement_schedules/flux_k37_ham8_d1.txt
flux_k29_ham8_d2xreuse	flux	29	29	ham8_d2	reuse	flux/k29/ham8_d2xreuse_s42	resources/spx_supplement_schedules/flux_k29_ham8_d2.txt
flux_k37_ham8_d2xreuse	flux	37	37	ham8_d2	reuse	flux/k37/ham8_d2xreuse_s42	resources/spx_supplement_schedules/flux_k37_ham8_d2.txt
flux_k29_ham8fxreuse	flux	29	29	ham8f	reuse	flux/k29/ham8fxreuse_s42	resources/spx_supplement_schedules/flux_k29_ham8f.txt
flux_k37_ham8fxreuse	flux	37	37	ham8f	reuse	flux/k37/ham8fxreuse_s42	resources/spx_supplement_schedules/flux_k37_ham8f.txt
flux_k29_ham8f_d2xreuse	flux	29	29	ham8f_d2	reuse	flux/k29/ham8f_d2xreuse_s42	resources/spx_supplement_schedules/flux_k29_ham8f_d2.txt
flux_k37_ham8f_d2xreuse	flux	37	37	ham8f_d2	reuse	flux/k37/ham8f_d2xreuse_s42	resources/spx_supplement_schedules/flux_k37_ham8f_d2.txt
flux_k29_ham8f_d3xreuse	flux	29	29	ham8f_d3	reuse	flux/k29/ham8f_d3xreuse_s42	resources/spx_supplement_schedules/flux_k29_ham8f_d3.txt
flux_k37_ham8f_d3xreuse	flux	37	37	ham8f_d3	reuse	flux/k37/ham8f_d3xreuse_s42	resources/spx_supplement_schedules/flux_k37_ham8f_d3.txt
flux_k29_meancachexmean_avg_vel	flux	29	29	meancache	mean_avg_vel	flux/k29/meancachexmean_avg_vel_s42	resources/sp_cross_schedules/flux_k29_meancache.txt
flux_k37_meancachexmean_avg_vel	flux	37	37	meancache	mean_avg_vel	flux/k37/meancachexmean_avg_vel_s42	resources/sp_cross_schedules/flux_k37_meancache.txt
flux_k41_meancachexmean_avg_vel	flux	41	41	meancache	mean_avg_vel	flux/k41/meancachexmean_avg_vel_s42	resources/sp_cross_schedules/flux_k41_meancache.txt
flux_k29_meancachexreuse	flux	29	29	meancache	reuse	flux/k29/meancachexreuse_s42	resources/sp_cross_schedules/flux_k29_meancache.txt
flux_k37_meancachexreuse	flux	37	37	meancache	reuse	flux/k37/meancachexreuse_s42	resources/sp_cross_schedules/flux_k37_meancache.txt
flux_k41_meancachexreuse	flux	41	41	meancache	reuse	flux/k41/meancachexreuse_s42	resources/sp_cross_schedules/flux_k41_meancache.txt
flux_k29_rand_1xreuse	flux	29	29	rand_1	reuse	flux/k29/rand_1xreuse_s42	resources/spx_supplement_schedules/flux_k29_rand_1.txt
flux_k37_rand_1xreuse	flux	37	37	rand_1	reuse	flux/k37/rand_1xreuse_s42	resources/spx_supplement_schedules/flux_k37_rand_1.txt
flux_k41_rand_1xreuse	flux	41	41	rand_1	reuse	flux/k41/rand_1xreuse_s42	resources/spx_supplement_schedules/flux_k41_rand_1.txt
flux_k29_rand_2xreuse	flux	29	29	rand_2	reuse	flux/k29/rand_2xreuse_s42	resources/spx_supplement_schedules/flux_k29_rand_2.txt
flux_k37_rand_2xreuse	flux	37	37	rand_2	reuse	flux/k37/rand_2xreuse_s42	resources/spx_supplement_schedules/flux_k37_rand_2.txt
flux_k41_rand_2xreuse	flux	41	41	rand_2	reuse	flux/k41/rand_2xreuse_s42	resources/spx_supplement_schedules/flux_k41_rand_2.txt
flux_k29_rand_3xreuse	flux	29	29	rand_3	reuse	flux/k29/rand_3xreuse_s42	resources/spx_supplement_schedules/flux_k29_rand_3.txt
flux_k37_rand_3xreuse	flux	37	37	rand_3	reuse	flux/k37/rand_3xreuse_s42	resources/spx_supplement_schedules/flux_k37_rand_3.txt
flux_k29_rand_4xreuse	flux	29	29	rand_4	reuse	flux/k29/rand_4xreuse_s42	resources/spx_supplement_schedules/flux_k29_rand_4.txt
flux_k37_rand_4xreuse	flux	37	37	rand_4	reuse	flux/k37/rand_4xreuse_s42	resources/spx_supplement_schedules/flux_k37_rand_4.txt
flux_k29_rand_5xreuse	flux	29	29	rand_5	reuse	flux/k29/rand_5xreuse_s42	resources/spx_supplement_schedules/flux_k29_rand_5.txt
flux_k37_rand_5xreuse	flux	37	37	rand_5	reuse	flux/k37/rand_5xreuse_s42	resources/spx_supplement_schedules/flux_k37_rand_5.txt
flux_k29_seacache_top1xreuse	flux	29	29	seacache_top1	reuse	flux/k29/seacache_top1xreuse_s42	resources/sp_cross_schedules/flux_k29_seacache_top1.txt
flux_k37_seacache_top1xreuse	flux	37	37	seacache_top1	reuse	flux/k37/seacache_top1xreuse_s42	resources/sp_cross_schedules/flux_k37_seacache_top1.txt
flux_k41_seacache_top1xreuse	flux	41	41	seacache_top1	reuse	flux/k41/seacache_top1xreuse_s42	resources/sp_cross_schedules/flux_k41_seacache_top1.txt
flux_k29_sencache_top1xreuse	flux	29	29	sencache_top1	reuse	flux/k29/sencache_top1xreuse_s42	resources/sp_cross_schedules/flux_k29_sencache_top1.txt
flux_k37_sencache_top1xreuse	flux	37	37	sencache_top1	reuse	flux/k37/sencache_top1xreuse_s42	resources/sp_cross_schedules/flux_k37_sencache_top1.txt
flux_k41_sencache_top1xreuse	flux	41	41	sencache_top1	reuse	flux/k41/sencache_top1xreuse_s42	resources/sp_cross_schedules/flux_k41_sencache_top1.txt
flux_k29_sencache_top1_offxreuse	flux	29	28	sencache_top1_off	reuse	flux/k29/sencache_top1_offxreuse_s42	resources/spx_supplement_schedules/flux_k29_sencache_top1_off.txt
flux_k29_teacache_top1xreuse	flux	29	29	teacache_top1	reuse	flux/k29/teacache_top1xreuse_s42	resources/sp_cross_schedules/flux_k29_teacache_top1.txt
flux_k37_teacache_top1xreuse	flux	37	37	teacache_top1	reuse	flux/k37/teacache_top1xreuse_s42	resources/sp_cross_schedules/flux_k37_teacache_top1.txt
flux_k41_teacache_top1xreuse	flux	41	41	teacache_top1	reuse	flux/k41/teacache_top1xreuse_s42	resources/sp_cross_schedules/flux_k41_teacache_top1.txt
flux_k29_teacache_top1_r2xreuse	flux	29	29	teacache_top1_r2	reuse	flux/k29/teacache_top1_r2xreuse_s42	resources/spx_supplement_schedules/flux_k29_teacache_top1_r2.txt
flux_k29_uniformxdi_two_anchor	flux	29	29	uniform	di_two_anchor	flux/k29/uniformxdi_two_anchor_s42	resources/sp_cross_schedules/flux_k29_uniform.txt
flux_k37_uniformxdi_two_anchor	flux	37	37	uniform	di_two_anchor	flux/k37/uniformxdi_two_anchor_s42	resources/sp_cross_schedules/flux_k37_uniform.txt
flux_k41_uniformxdi_two_anchor	flux	41	41	uniform	di_two_anchor	flux/k41/uniformxdi_two_anchor_s42	resources/sp_cross_schedules/flux_k41_uniform.txt
flux_k29_uniformxhermite_o2	flux	29	29	uniform	hermite_o2	flux/k29/uniformxhermite_o2_s42	resources/sp_cross_schedules/flux_k29_uniform.txt
flux_k37_uniformxhermite_o2	flux	37	37	uniform	hermite_o2	flux/k37/uniformxhermite_o2_s42	resources/sp_cross_schedules/flux_k37_uniform.txt
flux_k41_uniformxhermite_o2	flux	41	41	uniform	hermite_o2	flux/k41/uniformxhermite_o2_s42	resources/sp_cross_schedules/flux_k41_uniform.txt
flux_k29_uniformxmean_avg_vel	flux	29	29	uniform	mean_avg_vel	flux/k29/uniformxmean_avg_vel_s42	resources/sp_cross_schedules/flux_k29_uniform.txt
flux_k37_uniformxmean_avg_vel	flux	37	37	uniform	mean_avg_vel	flux/k37/uniformxmean_avg_vel_s42	resources/sp_cross_schedules/flux_k37_uniform.txt
flux_k41_uniformxmean_avg_vel	flux	41	41	uniform	mean_avg_vel	flux/k41/uniformxmean_avg_vel_s42	resources/sp_cross_schedules/flux_k41_uniform.txt
flux_k29_uniformxreuse	flux	29	29	uniform	reuse	flux/k29/uniformxreuse_s42	resources/sp_cross_schedules/flux_k29_uniform.txt
flux_k37_uniformxreuse	flux	37	37	uniform	reuse	flux/k37/uniformxreuse_s42	resources/sp_cross_schedules/flux_k37_uniform.txt
flux_k41_uniformxreuse	flux	41	41	uniform	reuse	flux/k41/uniformxreuse_s42	resources/sp_cross_schedules/flux_k41_uniform.txt
flux_k29_uniformxtaylor_o1	flux	29	29	uniform	taylor_o1	flux/k29/uniformxtaylor_o1_s42	resources/sp_cross_schedules/flux_k29_uniform.txt
flux_k37_uniformxtaylor_o1	flux	37	37	uniform	taylor_o1	flux/k37/uniformxtaylor_o1_s42	resources/sp_cross_schedules/flux_k37_uniform.txt
flux_k41_uniformxtaylor_o1	flux	41	41	uniform	taylor_o1	flux/k41/uniformxtaylor_o1_s42	resources/sp_cross_schedules/flux_k41_uniform.txt
qwen_k29_budcachexdi_two_anchor	qwen	29	29	budcache	di_two_anchor	qwen/k29/budcachexdi_two_anchor_s42	resources/sp_cross_schedules/qwen_k29_budcache.txt
qwen_k37_budcachexdi_two_anchor	qwen	37	37	budcache	di_two_anchor	qwen/k37/budcachexdi_two_anchor_s42	resources/sp_cross_schedules/qwen_k37_budcache.txt
qwen_k41_budcachexdi_two_anchor	qwen	41	41	budcache	di_two_anchor	qwen/k41/budcachexdi_two_anchor_s42	resources/sp_cross_schedules/qwen_k41_budcache.txt
qwen_k29_budcachexhermite_o2	qwen	29	29	budcache	hermite_o2	qwen/k29/budcachexhermite_o2_s42	resources/sp_cross_schedules/qwen_k29_budcache.txt
qwen_k37_budcachexhermite_o2	qwen	37	37	budcache	hermite_o2	qwen/k37/budcachexhermite_o2_s42	resources/sp_cross_schedules/qwen_k37_budcache.txt
qwen_k41_budcachexhermite_o2	qwen	41	41	budcache	hermite_o2	qwen/k41/budcachexhermite_o2_s42	resources/sp_cross_schedules/qwen_k41_budcache.txt
qwen_k29_budcachexmean_avg_vel	qwen	29	29	budcache	mean_avg_vel	qwen/k29/budcachexmean_avg_vel_s42	resources/sp_cross_schedules/qwen_k29_budcache.txt
qwen_k37_budcachexmean_avg_vel	qwen	37	37	budcache	mean_avg_vel	qwen/k37/budcachexmean_avg_vel_s42	resources/sp_cross_schedules/qwen_k37_budcache.txt
qwen_k41_budcachexmean_avg_vel	qwen	41	41	budcache	mean_avg_vel	qwen/k41/budcachexmean_avg_vel_s42	resources/sp_cross_schedules/qwen_k41_budcache.txt
qwen_k29_budcachexreuse	qwen	29	29	budcache	reuse	qwen/k29/budcachexreuse_s42	resources/sp_cross_schedules/qwen_k29_budcache.txt
qwen_k37_budcachexreuse	qwen	37	37	budcache	reuse	qwen/k37/budcachexreuse_s42	resources/sp_cross_schedules/qwen_k37_budcache.txt
qwen_k41_budcachexreuse	qwen	41	41	budcache	reuse	qwen/k41/budcachexreuse_s42	resources/sp_cross_schedules/qwen_k41_budcache.txt
qwen_k29_budcachextaylor_o1	qwen	29	29	budcache	taylor_o1	qwen/k29/budcachextaylor_o1_s42	resources/sp_cross_schedules/qwen_k29_budcache.txt
qwen_k37_budcachextaylor_o1	qwen	37	37	budcache	taylor_o1	qwen/k37/budcachextaylor_o1_s42	resources/sp_cross_schedules/qwen_k37_budcache.txt
qwen_k41_budcachextaylor_o1	qwen	41	41	budcache	taylor_o1	qwen/k41/budcachextaylor_o1_s42	resources/sp_cross_schedules/qwen_k41_budcache.txt
qwen_k29_dicache_top1xdi_two_anchor	qwen	29	29	dicache_top1	di_two_anchor	qwen/k29/dicache_top1xdi_two_anchor_s42	resources/sp_cross_schedules/qwen_k29_dicache_top1.txt
qwen_k37_dicache_top1xdi_two_anchor	qwen	37	37	dicache_top1	di_two_anchor	qwen/k37/dicache_top1xdi_two_anchor_s42	resources/sp_cross_schedules/qwen_k37_dicache_top1.txt
qwen_k41_dicache_top1xdi_two_anchor	qwen	41	41	dicache_top1	di_two_anchor	qwen/k41/dicache_top1xdi_two_anchor_s42	resources/sp_cross_schedules/qwen_k41_dicache_top1.txt
qwen_k29_dicache_top1xhermite_o2	qwen	29	29	dicache_top1	hermite_o2	qwen/k29/dicache_top1xhermite_o2_s42	resources/sp_cross_schedules/qwen_k29_dicache_top1.txt
qwen_k37_dicache_top1xhermite_o2	qwen	37	37	dicache_top1	hermite_o2	qwen/k37/dicache_top1xhermite_o2_s42	resources/sp_cross_schedules/qwen_k37_dicache_top1.txt
qwen_k41_dicache_top1xhermite_o2	qwen	41	41	dicache_top1	hermite_o2	qwen/k41/dicache_top1xhermite_o2_s42	resources/sp_cross_schedules/qwen_k41_dicache_top1.txt
qwen_k29_dicache_top1xmean_avg_vel	qwen	29	29	dicache_top1	mean_avg_vel	qwen/k29/dicache_top1xmean_avg_vel_s42	resources/sp_cross_schedules/qwen_k29_dicache_top1.txt
qwen_k37_dicache_top1xmean_avg_vel	qwen	37	37	dicache_top1	mean_avg_vel	qwen/k37/dicache_top1xmean_avg_vel_s42	resources/sp_cross_schedules/qwen_k37_dicache_top1.txt
qwen_k41_dicache_top1xmean_avg_vel	qwen	41	41	dicache_top1	mean_avg_vel	qwen/k41/dicache_top1xmean_avg_vel_s42	resources/sp_cross_schedules/qwen_k41_dicache_top1.txt
qwen_k29_dicache_top1xreuse	qwen	29	29	dicache_top1	reuse	qwen/k29/dicache_top1xreuse_s42	resources/sp_cross_schedules/qwen_k29_dicache_top1.txt
qwen_k37_dicache_top1xreuse	qwen	37	37	dicache_top1	reuse	qwen/k37/dicache_top1xreuse_s42	resources/sp_cross_schedules/qwen_k37_dicache_top1.txt
qwen_k41_dicache_top1xreuse	qwen	41	41	dicache_top1	reuse	qwen/k41/dicache_top1xreuse_s42	resources/sp_cross_schedules/qwen_k41_dicache_top1.txt
qwen_k29_dicache_top1xtaylor_o1	qwen	29	29	dicache_top1	taylor_o1	qwen/k29/dicache_top1xtaylor_o1_s42	resources/sp_cross_schedules/qwen_k29_dicache_top1.txt
qwen_k37_dicache_top1xtaylor_o1	qwen	37	37	dicache_top1	taylor_o1	qwen/k37/dicache_top1xtaylor_o1_s42	resources/sp_cross_schedules/qwen_k37_dicache_top1.txt
qwen_k41_dicache_top1xtaylor_o1	qwen	41	41	dicache_top1	taylor_o1	qwen/k41/dicache_top1xtaylor_o1_s42	resources/sp_cross_schedules/qwen_k41_dicache_top1.txt
qwen_k29_dp_rho2xreuse	qwen	29	29	dp_rho2	reuse	qwen/k29/dp_rho2xreuse_s42	resources/spx_supplement_schedules/qwen_k29_dp_rho2.txt
qwen_k37_dp_rho2xreuse	qwen	37	37	dp_rho2	reuse	qwen/k37/dp_rho2xreuse_s42	resources/spx_supplement_schedules/qwen_k37_dp_rho2.txt
qwen_k41_dp_rho2xreuse	qwen	41	41	dp_rho2	reuse	qwen/k41/dp_rho2xreuse_s42	resources/spx_supplement_schedules/qwen_k41_dp_rho2.txt
qwen_k29_dpcachexdi_two_anchor	qwen	29	29	dpcache	di_two_anchor	qwen/k29/dpcachexdi_two_anchor_s42	resources/sp_cross_schedules/qwen_k29_dpcache.txt
qwen_k37_dpcachexdi_two_anchor	qwen	37	37	dpcache	di_two_anchor	qwen/k37/dpcachexdi_two_anchor_s42	resources/sp_cross_schedules/qwen_k37_dpcache.txt
qwen_k41_dpcachexdi_two_anchor	qwen	41	41	dpcache	di_two_anchor	qwen/k41/dpcachexdi_two_anchor_s42	resources/sp_cross_schedules/qwen_k41_dpcache.txt
qwen_k29_dpcachexhermite_o2	qwen	29	29	dpcache	hermite_o2	qwen/k29/dpcachexhermite_o2_s42	resources/sp_cross_schedules/qwen_k29_dpcache.txt
qwen_k37_dpcachexhermite_o2	qwen	37	37	dpcache	hermite_o2	qwen/k37/dpcachexhermite_o2_s42	resources/sp_cross_schedules/qwen_k37_dpcache.txt
qwen_k41_dpcachexhermite_o2	qwen	41	41	dpcache	hermite_o2	qwen/k41/dpcachexhermite_o2_s42	resources/sp_cross_schedules/qwen_k41_dpcache.txt
qwen_k29_dpcachexmean_avg_vel	qwen	29	29	dpcache	mean_avg_vel	qwen/k29/dpcachexmean_avg_vel_s42	resources/sp_cross_schedules/qwen_k29_dpcache.txt
qwen_k37_dpcachexmean_avg_vel	qwen	37	37	dpcache	mean_avg_vel	qwen/k37/dpcachexmean_avg_vel_s42	resources/sp_cross_schedules/qwen_k37_dpcache.txt
qwen_k41_dpcachexmean_avg_vel	qwen	41	41	dpcache	mean_avg_vel	qwen/k41/dpcachexmean_avg_vel_s42	resources/sp_cross_schedules/qwen_k41_dpcache.txt
qwen_k29_dpcachexreuse	qwen	29	29	dpcache	reuse	qwen/k29/dpcachexreuse_s42	resources/sp_cross_schedules/qwen_k29_dpcache.txt
qwen_k37_dpcachexreuse	qwen	37	37	dpcache	reuse	qwen/k37/dpcachexreuse_s42	resources/sp_cross_schedules/qwen_k37_dpcache.txt
qwen_k41_dpcachexreuse	qwen	41	41	dpcache	reuse	qwen/k41/dpcachexreuse_s42	resources/sp_cross_schedules/qwen_k41_dpcache.txt
qwen_k29_dpcachextaylor_o1	qwen	29	29	dpcache	taylor_o1	qwen/k29/dpcachextaylor_o1_s42	resources/sp_cross_schedules/qwen_k29_dpcache.txt
qwen_k37_dpcachextaylor_o1	qwen	37	37	dpcache	taylor_o1	qwen/k37/dpcachextaylor_o1_s42	resources/sp_cross_schedules/qwen_k37_dpcache.txt
qwen_k41_dpcachextaylor_o1	qwen	41	41	dpcache	taylor_o1	qwen/k41/dpcachextaylor_o1_s42	resources/sp_cross_schedules/qwen_k41_dpcache.txt
qwen_k29_ham2_d1xreuse	qwen	29	29	ham2_d1	reuse	qwen/k29/ham2_d1xreuse_s42	resources/spx_supplement_schedules/qwen_k29_ham2_d1.txt
qwen_k37_ham2_d1xreuse	qwen	37	37	ham2_d1	reuse	qwen/k37/ham2_d1xreuse_s42	resources/spx_supplement_schedules/qwen_k37_ham2_d1.txt
qwen_k29_ham2_d2xreuse	qwen	29	29	ham2_d2	reuse	qwen/k29/ham2_d2xreuse_s42	resources/spx_supplement_schedules/qwen_k29_ham2_d2.txt
qwen_k37_ham2_d2xreuse	qwen	37	37	ham2_d2	reuse	qwen/k37/ham2_d2xreuse_s42	resources/spx_supplement_schedules/qwen_k37_ham2_d2.txt
qwen_k29_ham2fxreuse	qwen	29	29	ham2f	reuse	qwen/k29/ham2fxreuse_s42	resources/spx_supplement_schedules/qwen_k29_ham2f.txt
qwen_k37_ham2fxreuse	qwen	37	37	ham2f	reuse	qwen/k37/ham2fxreuse_s42	resources/spx_supplement_schedules/qwen_k37_ham2f.txt
qwen_k41_ham2fxreuse	qwen	41	41	ham2f	reuse	qwen/k41/ham2fxreuse_s42	resources/spx_supplement_schedules/qwen_k41_ham2f.txt
qwen_k29_ham2f_d2xreuse	qwen	29	29	ham2f_d2	reuse	qwen/k29/ham2f_d2xreuse_s42	resources/spx_supplement_schedules/qwen_k29_ham2f_d2.txt
qwen_k37_ham2f_d2xreuse	qwen	37	37	ham2f_d2	reuse	qwen/k37/ham2f_d2xreuse_s42	resources/spx_supplement_schedules/qwen_k37_ham2f_d2.txt
qwen_k29_ham2f_d3xreuse	qwen	29	29	ham2f_d3	reuse	qwen/k29/ham2f_d3xreuse_s42	resources/spx_supplement_schedules/qwen_k29_ham2f_d3.txt
qwen_k37_ham2f_d3xreuse	qwen	37	37	ham2f_d3	reuse	qwen/k37/ham2f_d3xreuse_s42	resources/spx_supplement_schedules/qwen_k37_ham2f_d3.txt
qwen_k29_ham4_d1xreuse	qwen	29	29	ham4_d1	reuse	qwen/k29/ham4_d1xreuse_s42	resources/spx_supplement_schedules/qwen_k29_ham4_d1.txt
qwen_k37_ham4_d1xreuse	qwen	37	37	ham4_d1	reuse	qwen/k37/ham4_d1xreuse_s42	resources/spx_supplement_schedules/qwen_k37_ham4_d1.txt
qwen_k29_ham4_d2xreuse	qwen	29	29	ham4_d2	reuse	qwen/k29/ham4_d2xreuse_s42	resources/spx_supplement_schedules/qwen_k29_ham4_d2.txt
qwen_k37_ham4_d2xreuse	qwen	37	37	ham4_d2	reuse	qwen/k37/ham4_d2xreuse_s42	resources/spx_supplement_schedules/qwen_k37_ham4_d2.txt
qwen_k29_ham4fxreuse	qwen	29	29	ham4f	reuse	qwen/k29/ham4fxreuse_s42	resources/spx_supplement_schedules/qwen_k29_ham4f.txt
qwen_k37_ham4fxreuse	qwen	37	37	ham4f	reuse	qwen/k37/ham4fxreuse_s42	resources/spx_supplement_schedules/qwen_k37_ham4f.txt
qwen_k41_ham4fxreuse	qwen	41	41	ham4f	reuse	qwen/k41/ham4fxreuse_s42	resources/spx_supplement_schedules/qwen_k41_ham4f.txt
qwen_k29_ham4f_d2xreuse	qwen	29	29	ham4f_d2	reuse	qwen/k29/ham4f_d2xreuse_s42	resources/spx_supplement_schedules/qwen_k29_ham4f_d2.txt
qwen_k37_ham4f_d2xreuse	qwen	37	37	ham4f_d2	reuse	qwen/k37/ham4f_d2xreuse_s42	resources/spx_supplement_schedules/qwen_k37_ham4f_d2.txt
qwen_k29_ham4f_d3xreuse	qwen	29	29	ham4f_d3	reuse	qwen/k29/ham4f_d3xreuse_s42	resources/spx_supplement_schedules/qwen_k29_ham4f_d3.txt
qwen_k37_ham4f_d3xreuse	qwen	37	37	ham4f_d3	reuse	qwen/k37/ham4f_d3xreuse_s42	resources/spx_supplement_schedules/qwen_k37_ham4f_d3.txt
qwen_k29_ham8_d1xreuse	qwen	29	29	ham8_d1	reuse	qwen/k29/ham8_d1xreuse_s42	resources/spx_supplement_schedules/qwen_k29_ham8_d1.txt
qwen_k37_ham8_d1xreuse	qwen	37	37	ham8_d1	reuse	qwen/k37/ham8_d1xreuse_s42	resources/spx_supplement_schedules/qwen_k37_ham8_d1.txt
qwen_k29_ham8_d2xreuse	qwen	29	29	ham8_d2	reuse	qwen/k29/ham8_d2xreuse_s42	resources/spx_supplement_schedules/qwen_k29_ham8_d2.txt
qwen_k37_ham8_d2xreuse	qwen	37	37	ham8_d2	reuse	qwen/k37/ham8_d2xreuse_s42	resources/spx_supplement_schedules/qwen_k37_ham8_d2.txt
qwen_k29_ham8fxreuse	qwen	29	29	ham8f	reuse	qwen/k29/ham8fxreuse_s42	resources/spx_supplement_schedules/qwen_k29_ham8f.txt
qwen_k37_ham8fxreuse	qwen	37	37	ham8f	reuse	qwen/k37/ham8fxreuse_s42	resources/spx_supplement_schedules/qwen_k37_ham8f.txt
qwen_k29_ham8f_d2xreuse	qwen	29	29	ham8f_d2	reuse	qwen/k29/ham8f_d2xreuse_s42	resources/spx_supplement_schedules/qwen_k29_ham8f_d2.txt
qwen_k37_ham8f_d2xreuse	qwen	37	37	ham8f_d2	reuse	qwen/k37/ham8f_d2xreuse_s42	resources/spx_supplement_schedules/qwen_k37_ham8f_d2.txt
qwen_k29_ham8f_d3xreuse	qwen	29	29	ham8f_d3	reuse	qwen/k29/ham8f_d3xreuse_s42	resources/spx_supplement_schedules/qwen_k29_ham8f_d3.txt
qwen_k37_ham8f_d3xreuse	qwen	37	37	ham8f_d3	reuse	qwen/k37/ham8f_d3xreuse_s42	resources/spx_supplement_schedules/qwen_k37_ham8f_d3.txt
qwen_k29_meancachexmean_avg_vel	qwen	29	29	meancache	mean_avg_vel	qwen/k29/meancachexmean_avg_vel_s42	resources/sp_cross_schedules/qwen_k29_meancache.txt
qwen_k37_meancachexmean_avg_vel	qwen	37	37	meancache	mean_avg_vel	qwen/k37/meancachexmean_avg_vel_s42	resources/sp_cross_schedules/qwen_k37_meancache.txt
qwen_k41_meancachexmean_avg_vel	qwen	41	41	meancache	mean_avg_vel	qwen/k41/meancachexmean_avg_vel_s42	resources/sp_cross_schedules/qwen_k41_meancache.txt
qwen_k29_meancachexreuse	qwen	29	29	meancache	reuse	qwen/k29/meancachexreuse_s42	resources/sp_cross_schedules/qwen_k29_meancache.txt
qwen_k37_meancachexreuse	qwen	37	37	meancache	reuse	qwen/k37/meancachexreuse_s42	resources/sp_cross_schedules/qwen_k37_meancache.txt
qwen_k41_meancachexreuse	qwen	41	41	meancache	reuse	qwen/k41/meancachexreuse_s42	resources/sp_cross_schedules/qwen_k41_meancache.txt
qwen_k29_rand_1xreuse	qwen	29	29	rand_1	reuse	qwen/k29/rand_1xreuse_s42	resources/spx_supplement_schedules/qwen_k29_rand_1.txt
qwen_k37_rand_1xreuse	qwen	37	37	rand_1	reuse	qwen/k37/rand_1xreuse_s42	resources/spx_supplement_schedules/qwen_k37_rand_1.txt
qwen_k41_rand_1xreuse	qwen	41	41	rand_1	reuse	qwen/k41/rand_1xreuse_s42	resources/spx_supplement_schedules/qwen_k41_rand_1.txt
qwen_k29_rand_2xreuse	qwen	29	29	rand_2	reuse	qwen/k29/rand_2xreuse_s42	resources/spx_supplement_schedules/qwen_k29_rand_2.txt
qwen_k37_rand_2xreuse	qwen	37	37	rand_2	reuse	qwen/k37/rand_2xreuse_s42	resources/spx_supplement_schedules/qwen_k37_rand_2.txt
qwen_k41_rand_2xreuse	qwen	41	41	rand_2	reuse	qwen/k41/rand_2xreuse_s42	resources/spx_supplement_schedules/qwen_k41_rand_2.txt
qwen_k29_rand_3xreuse	qwen	29	29	rand_3	reuse	qwen/k29/rand_3xreuse_s42	resources/spx_supplement_schedules/qwen_k29_rand_3.txt
qwen_k37_rand_3xreuse	qwen	37	37	rand_3	reuse	qwen/k37/rand_3xreuse_s42	resources/spx_supplement_schedules/qwen_k37_rand_3.txt
qwen_k29_rand_4xreuse	qwen	29	29	rand_4	reuse	qwen/k29/rand_4xreuse_s42	resources/spx_supplement_schedules/qwen_k29_rand_4.txt
qwen_k37_rand_4xreuse	qwen	37	37	rand_4	reuse	qwen/k37/rand_4xreuse_s42	resources/spx_supplement_schedules/qwen_k37_rand_4.txt
qwen_k29_rand_5xreuse	qwen	29	29	rand_5	reuse	qwen/k29/rand_5xreuse_s42	resources/spx_supplement_schedules/qwen_k29_rand_5.txt
qwen_k37_rand_5xreuse	qwen	37	37	rand_5	reuse	qwen/k37/rand_5xreuse_s42	resources/spx_supplement_schedules/qwen_k37_rand_5.txt
qwen_k29_seacache_top1xreuse	qwen	29	29	seacache_top1	reuse	qwen/k29/seacache_top1xreuse_s42	resources/sp_cross_schedules/qwen_k29_seacache_top1.txt
qwen_k37_seacache_top1xreuse	qwen	37	37	seacache_top1	reuse	qwen/k37/seacache_top1xreuse_s42	resources/sp_cross_schedules/qwen_k37_seacache_top1.txt
qwen_k41_seacache_top1xreuse	qwen	41	41	seacache_top1	reuse	qwen/k41/seacache_top1xreuse_s42	resources/sp_cross_schedules/qwen_k41_seacache_top1.txt
qwen_k29_sencache_top1xreuse	qwen	29	29	sencache_top1	reuse	qwen/k29/sencache_top1xreuse_s42	resources/sp_cross_schedules/qwen_k29_sencache_top1.txt
qwen_k37_sencache_top1xreuse	qwen	37	37	sencache_top1	reuse	qwen/k37/sencache_top1xreuse_s42	resources/sp_cross_schedules/qwen_k37_sencache_top1.txt
qwen_k41_sencache_top1xreuse	qwen	41	41	sencache_top1	reuse	qwen/k41/sencache_top1xreuse_s42	resources/sp_cross_schedules/qwen_k41_sencache_top1.txt
qwen_k29_teacache_top1xreuse	qwen	29	29	teacache_top1	reuse	qwen/k29/teacache_top1xreuse_s42	resources/sp_cross_schedules/qwen_k29_teacache_top1.txt
qwen_k37_teacache_top1xreuse	qwen	37	37	teacache_top1	reuse	qwen/k37/teacache_top1xreuse_s42	resources/sp_cross_schedules/qwen_k37_teacache_top1.txt
qwen_k41_teacache_top1xreuse	qwen	41	41	teacache_top1	reuse	qwen/k41/teacache_top1xreuse_s42	resources/sp_cross_schedules/qwen_k41_teacache_top1.txt
qwen_k37_teacache_top1_r2xreuse	qwen	37	37	teacache_top1_r2	reuse	qwen/k37/teacache_top1_r2xreuse_s42	resources/spx_supplement_schedules/qwen_k37_teacache_top1_r2.txt
qwen_k29_uniformxdi_two_anchor	qwen	29	29	uniform	di_two_anchor	qwen/k29/uniformxdi_two_anchor_s42	resources/sp_cross_schedules/qwen_k29_uniform.txt
qwen_k37_uniformxdi_two_anchor	qwen	37	37	uniform	di_two_anchor	qwen/k37/uniformxdi_two_anchor_s42	resources/sp_cross_schedules/qwen_k37_uniform.txt
qwen_k41_uniformxdi_two_anchor	qwen	41	41	uniform	di_two_anchor	qwen/k41/uniformxdi_two_anchor_s42	resources/sp_cross_schedules/qwen_k41_uniform.txt
qwen_k29_uniformxhermite_o2	qwen	29	29	uniform	hermite_o2	qwen/k29/uniformxhermite_o2_s42	resources/sp_cross_schedules/qwen_k29_uniform.txt
qwen_k37_uniformxhermite_o2	qwen	37	37	uniform	hermite_o2	qwen/k37/uniformxhermite_o2_s42	resources/sp_cross_schedules/qwen_k37_uniform.txt
qwen_k41_uniformxhermite_o2	qwen	41	41	uniform	hermite_o2	qwen/k41/uniformxhermite_o2_s42	resources/sp_cross_schedules/qwen_k41_uniform.txt
qwen_k29_uniformxmean_avg_vel	qwen	29	29	uniform	mean_avg_vel	qwen/k29/uniformxmean_avg_vel_s42	resources/sp_cross_schedules/qwen_k29_uniform.txt
qwen_k37_uniformxmean_avg_vel	qwen	37	37	uniform	mean_avg_vel	qwen/k37/uniformxmean_avg_vel_s42	resources/sp_cross_schedules/qwen_k37_uniform.txt
qwen_k41_uniformxmean_avg_vel	qwen	41	41	uniform	mean_avg_vel	qwen/k41/uniformxmean_avg_vel_s42	resources/sp_cross_schedules/qwen_k41_uniform.txt
qwen_k29_uniformxreuse	qwen	29	29	uniform	reuse	qwen/k29/uniformxreuse_s42	resources/sp_cross_schedules/qwen_k29_uniform.txt
qwen_k37_uniformxreuse	qwen	37	37	uniform	reuse	qwen/k37/uniformxreuse_s42	resources/sp_cross_schedules/qwen_k37_uniform.txt
qwen_k41_uniformxreuse	qwen	41	41	uniform	reuse	qwen/k41/uniformxreuse_s42	resources/sp_cross_schedules/qwen_k41_uniform.txt
qwen_k29_uniformxtaylor_o1	qwen	29	29	uniform	taylor_o1	qwen/k29/uniformxtaylor_o1_s42	resources/sp_cross_schedules/qwen_k29_uniform.txt
qwen_k37_uniformxtaylor_o1	qwen	37	37	uniform	taylor_o1	qwen/k37/uniformxtaylor_o1_s42	resources/sp_cross_schedules/qwen_k37_uniform.txt
qwen_k41_uniformxtaylor_o1	qwen	41	41	uniform	taylor_o1	qwen/k41/uniformxtaylor_o1_s42	resources/sp_cross_schedules/qwen_k41_uniform.txt
flux_refs	flux	0	0	refnone	reuse	flux/refs_parti_s42	resources/image_trajectory/zero_schedule_50.txt
qwen_refs	qwen	0	0	refnone	reuse	qwen/refs_parti_s42	resources/image_trajectory/zero_schedule_50.txt
