model	target_k	name	axis	source_method	cache_count	popcount	k_vs_target	first_step	last_step	schedule	path
flux	29	budcache	fixed	budcache	29	29	0	full	full	00001000111010010011011011110111011110111011010110	resources/sp_cross_schedules/flux_k29_budcache.txt
flux	29	meancache	fixed	meancache	29	29	0	full	full	00000000010101101101110111011101111011110111011010	resources/sp_cross_schedules/flux_k29_meancache.txt
flux	29	dpcache	fixed	dpcache	29	29	0	full	full	00001010101101101110101101101101101101101101101010	resources/sp_cross_schedules/flux_k29_dpcache.txt
flux	29	uniform	fixed	taylorseer_o1	29	29	0	full	full	00001101101011011011011010110110110110110101101100	resources/sp_cross_schedules/flux_k29_uniform.txt
flux	29	seacache_top1	native_exact_k_modal	seacache	29	29	0	full	full	00000001010101101101101110111011101110111011101100	resources/sp_cross_schedules/flux_k29_seacache_top1.txt
flux	29	teacache_top1	native_exact_k_modal	teacache	29	29	0	full	full	00110110110110110101101101101101011010101010101010	resources/sp_cross_schedules/flux_k29_teacache_top1.txt
flux	29	sencache_top1	native_exact_k_modal	sencache	29	29	0	full	full	00000000001101110111011110111011110111101110110100	resources/sp_cross_schedules/flux_k29_sencache_top1.txt
flux	29	dicache_top1	native_exact_k_modal	dicache	29	29	0	full	full	00000000000111101110111110111101111011101101101010	resources/sp_cross_schedules/flux_k29_dicache_top1.txt
flux	37	budcache	fixed	budcache	37	37	0	full	full	00000101111011101111101111111011111111101111101110	resources/sp_cross_schedules/flux_k37_budcache.txt
flux	37	meancache	fixed	meancache	37	37	0	full	full	00000101101110111101111110111111110111111110111110	resources/sp_cross_schedules/flux_k37_meancache.txt
flux	37	dpcache	fixed	dpcache	37	37	0	full	full	00010110111101111110111101111101111101111011101110	resources/sp_cross_schedules/flux_k37_dpcache.txt
flux	37	uniform	fixed	taylorseer_o1	37	37	0	full	full	00001111101111011111011110111110111110111101111100	resources/sp_cross_schedules/flux_k37_uniform.txt
flux	37	seacache_top1	native_exact_k_modal	seacache	37	37	0	full	full	00010101101110111101111110111111101111111011111010	resources/sp_cross_schedules/flux_k37_seacache_top1.txt
flux	37	teacache_top1	native_exact_k_modal	teacache	37	37	0	full	full	00111011110111011101111011110111101110111011101110	resources/sp_cross_schedules/flux_k37_teacache_top1.txt
flux	37	sencache_top1	native_exact_k_modal	sencache	37	37	0	full	full	00000000001111111111111011111111111111111101111110	resources/sp_cross_schedules/flux_k37_sencache_top1.txt
flux	37	dicache_top1	native_exact_k_modal	dicache	37	37	0	full	full	00000000000111111111111111111111111111011111111110	resources/sp_cross_schedules/flux_k37_dicache_top1.txt
flux	41	budcache	fixed	budcache	41	41	0	full	full	00010110111110111111011111111111111111101111111110	resources/sp_cross_schedules/flux_k41_budcache.txt
flux	41	meancache	fixed	meancache	41	41	0	full	full	00000111101111111110111111111111110111111111111110	resources/sp_cross_schedules/flux_k41_meancache.txt
flux	41	dpcache	fixed	dpcache	41	41	0	full	full	00011011111011111111011111111011111111110111111110	resources/sp_cross_schedules/flux_k41_dpcache.txt
flux	41	uniform	fixed	taylorseer_o1	41	41	0	full	full	00001111111111011111111110111111111110111111111100	resources/sp_cross_schedules/flux_k41_uniform.txt
flux	41	seacache_top1	native_exact_k_modal	seacache	41	41	0	full	full	00101101111011111101111111111011111111111011111110	resources/sp_cross_schedules/flux_k41_seacache_top1.txt
flux	41	teacache_top1	native_exact_k_modal	teacache	41	41	0	full	full	00111111011111101111110111111011111101111110111110	resources/sp_cross_schedules/flux_k41_teacache_top1.txt
flux	41	sencache_top1	native_exact_k_modal	sencache	41	41	0	full	full	00000011111111101111111111111111110111111111111110	resources/sp_cross_schedules/flux_k41_sencache_top1.txt
flux	41	dicache_top1	native_exact_k_modal	dicache	41	41	0	full	full	00000011111111111111111111011111111111111110111110	resources/sp_cross_schedules/flux_k41_dicache_top1.txt
qwen	29	budcache	fixed	budcache	29	29	0	full	full	00000000100101010111011011110111011110111110111010	resources/sp_cross_schedules/qwen_k29_budcache.txt
qwen	29	meancache	fixed	meancache	29	29	0	full	full	00000000000101011011011101111011110111111011111010	resources/sp_cross_schedules/qwen_k29_meancache.txt
qwen	29	dpcache	fixed	dpcache	29	29	0	full	full	00010101101101101110111011011011010101010101011010	resources/sp_cross_schedules/qwen_k29_dpcache.txt
qwen	29	uniform	fixed	taylorseer_o1	29	29	0	full	full	00001101101011011011011010110110110110110101101100	resources/sp_cross_schedules/qwen_k29_uniform.txt
qwen	29	seacache_top1	native_exact_k_modal	seacache	29	29	0	full	full	00000010101010110110111011101110111011101101101010	resources/sp_cross_schedules/qwen_k29_seacache_top1.txt
qwen	29	teacache_top1	native_exact_k_modal	teacache	29	29	0	full	full	00011011011011011011101101110110110111010101010000	resources/sp_cross_schedules/qwen_k29_teacache_top1.txt
qwen	29	sencache_top1	native_exact_k_modal	sencache	29	29	0	full	full	00000000001110111011110111110111101111011101101000	resources/sp_cross_schedules/qwen_k29_sencache_top1.txt
qwen	29	dicache_top1	native_exact_k_modal	dicache	29	29	0	full	full	00000000000111011110111101111110111110111011010100	resources/sp_cross_schedules/qwen_k29_dicache_top1.txt
qwen	37	budcache	fixed	budcache	37	37	0	full	full	00000010101011111101111111111011111111110111111110	resources/sp_cross_schedules/qwen_k37_budcache.txt
qwen	37	meancache	fixed	meancache	37	37	0	full	full	00000010110111011111011111110111111111011111111110	resources/sp_cross_schedules/qwen_k37_meancache.txt
qwen	37	dpcache	fixed	dpcache	37	37	0	full	full	00011011101111011111011111011111011110111101101110	resources/sp_cross_schedules/qwen_k37_dpcache.txt
qwen	37	uniform	fixed	taylorseer_o1	37	37	0	full	full	00001111101111011111011110111110111110111101111100	resources/sp_cross_schedules/qwen_k37_uniform.txt
qwen	37	seacache_top1	native_exact_k_modal	seacache	37	37	0	full	full	00010110111011110111110111111101111111011111011100	resources/sp_cross_schedules/qwen_k37_seacache_top1.txt
qwen	37	teacache_top1	native_exact_k_modal	teacache	37	37	0	full	full	00011111011111101111110111111011111101111011101000	resources/sp_cross_schedules/qwen_k37_teacache_top1.txt
qwen	37	sencache_top1	native_exact_k_modal	sencache	37	37	0	full	full	00000000001111111111111101111111111111111111011110	resources/sp_cross_schedules/qwen_k37_sencache_top1.txt
qwen	37	dicache_top1	native_exact_k_modal	dicache	37	37	0	full	full	00000000000111111111111111111111111110111111111110	resources/sp_cross_schedules/qwen_k37_dicache_top1.txt
qwen	41	budcache	fixed	budcache	41	41	0	full	full	00001111011111011111111110111111111110111111111110	resources/sp_cross_schedules/qwen_k41_budcache.txt
qwen	41	meancache	fixed	meancache	41	41	0	full	full	00000111101111111110111111111111110111111111111110	resources/sp_cross_schedules/qwen_k41_meancache.txt
qwen	41	dpcache	fixed	dpcache	41	41	0	full	full	00011110111111110111111111110111111111101111101110	resources/sp_cross_schedules/qwen_k41_dpcache.txt
qwen	41	uniform	fixed	taylorseer_o1	41	41	0	full	full	00001111111111011111111110111111111110111111111100	resources/sp_cross_schedules/qwen_k41_uniform.txt
qwen	41	seacache_top1	native_exact_k_modal	seacache	41	41	0	full	full	01011011101111101111111110111111111110111111110110	resources/sp_cross_schedules/qwen_k41_seacache_top1.txt
qwen	41	teacache_top1	native_exact_k_modal	teacache	41	41	0	full	full	00111011111111011111111110111111111011111110111010	resources/sp_cross_schedules/qwen_k41_teacache_top1.txt
qwen	41	sencache_top1	native_exact_k_modal	sencache	41	41	0	full	full	00000011111111110111111111111111110111111111111110	resources/sp_cross_schedules/qwen_k41_sencache_top1.txt
qwen	41	dicache_top1	native_exact_k_modal	dicache	41	41	0	full	full	00000011111111111111110111111111111111111111011110	resources/sp_cross_schedules/qwen_k41_dicache_top1.txt
